ISO-10303-21;
HEADER;
FILE_DESCRIPTION(('FreeCAD Model'),'2;1');
FILE_NAME('Open CASCADE Shape Model','2026-03-01T15:49:20',('Author'),(
    ''),'Open CASCADE STEP processor 7.8','FreeCAD','Unknown');
FILE_SCHEMA(('AUTOMOTIVE_DESIGN { 1 0 10303 214 1 1 1 1 }'));
ENDSEC;
DATA;
#1 = APPLICATION_PROTOCOL_DEFINITION('international standard',
  'automotive_design',2000,#2);
#2 = APPLICATION_CONTEXT(
  'core data for automotive mechanical design processes');
#3 = SHAPE_DEFINITION_REPRESENTATION(#4,#10);
#4 = PRODUCT_DEFINITION_SHAPE('','',#5);
#5 = PRODUCT_DEFINITION('design','',#6,#9);
#6 = PRODUCT_DEFINITION_FORMATION('','',#7);
#7 = PRODUCT('odins-eye-base','odins-eye-base','',(#8));
#8 = PRODUCT_CONTEXT('',#2,'mechanical');
#9 = PRODUCT_DEFINITION_CONTEXT('part definition',#2,'design');
#10 = ADVANCED_BREP_SHAPE_REPRESENTATION('',(#11,#15),#2487);
#11 = AXIS2_PLACEMENT_3D('',#12,#13,#14);
#12 = CARTESIAN_POINT('',(0.,0.,0.));
#13 = DIRECTION('',(0.,0.,1.));
#14 = DIRECTION('',(1.,0.,-0.));
#15 = MANIFOLD_SOLID_BREP('',#16);
#16 = CLOSED_SHELL('',(#17,#136,#189,#214,#327,#351,#376,#401,#514,#553,
    #578,#634,#651,#676,#690,#707,#724,#764,#789,#806,#949,#961,#992,
    #1016,#1040,#1057,#1082,#1107,#1132,#1163,#1187,#1211,#1228,#1253,
    #1278,#1295,#1374,#1524,#1693,#1718,#1743,#1773,#1797,#1822,#1847,
    #1885,#1910,#1935,#1960,#1985,#2009,#2039,#2069,#2087,#2105,#2135,
    #2165,#2177,#2194,#2211,#2228,#2245,#2262,#2279,#2301,#2318,#2335,
    #2347,#2369,#2386,#2403,#2415,#2433,#2451,#2469));
#17 = ADVANCED_FACE('',(#18,#120),#131,.T.);
#18 = FACE_BOUND('',#19,.T.);
#19 = EDGE_LOOP('',(#20,#30,#38,#47,#55,#64,#72,#80,#88,#96,#105,#113));
#20 = ORIENTED_EDGE('',*,*,#21,.F.);
#21 = EDGE_CURVE('',#22,#24,#26,.T.);
#22 = VERTEX_POINT('',#23);
#23 = CARTESIAN_POINT('',(2.,51.,3.));
#24 = VERTEX_POINT('',#25);
#25 = CARTESIAN_POINT('',(2.,45.,3.));
#26 = LINE('',#27,#28);
#27 = CARTESIAN_POINT('',(2.,51.,3.));
#28 = VECTOR('',#29,1.);
#29 = DIRECTION('',(0.,-1.,2.2E-16));
#30 = ORIENTED_EDGE('',*,*,#31,.T.);
#31 = EDGE_CURVE('',#22,#32,#34,.T.);
#32 = VERTEX_POINT('',#33);
#33 = CARTESIAN_POINT('',(-25.,51.,3.));
#34 = LINE('',#35,#36);
#35 = CARTESIAN_POINT('',(35.,51.,3.));
#36 = VECTOR('',#37,1.);
#37 = DIRECTION('',(-1.,0.,0.));
#38 = ORIENTED_EDGE('',*,*,#39,.F.);
#39 = EDGE_CURVE('',#40,#32,#42,.T.);
#40 = VERTEX_POINT('',#41);
#41 = CARTESIAN_POINT('',(-35.,41.,3.));
#42 = CIRCLE('',#43,10.);
#43 = AXIS2_PLACEMENT_3D('',#44,#45,#46);
#44 = CARTESIAN_POINT('',(-35.,51.,3.));
#45 = DIRECTION('',(0.,0.,1.));
#46 = DIRECTION('',(1.,0.,0.));
#47 = ORIENTED_EDGE('',*,*,#48,.T.);
#48 = EDGE_CURVE('',#40,#49,#51,.T.);
#49 = VERTEX_POINT('',#50);
#50 = CARTESIAN_POINT('',(-35.,-41.,3.));
#51 = LINE('',#52,#53);
#52 = CARTESIAN_POINT('',(-35.,51.,3.));
#53 = VECTOR('',#54,1.);
#54 = DIRECTION('',(0.,-1.,0.));
#55 = ORIENTED_EDGE('',*,*,#56,.F.);
#56 = EDGE_CURVE('',#57,#49,#59,.T.);
#57 = VERTEX_POINT('',#58);
#58 = CARTESIAN_POINT('',(-25.,-51.,3.));
#59 = CIRCLE('',#60,10.);
#60 = AXIS2_PLACEMENT_3D('',#61,#62,#63);
#61 = CARTESIAN_POINT('',(-35.,-51.,3.));
#62 = DIRECTION('',(0.,0.,1.));
#63 = DIRECTION('',(1.,0.,0.));
#64 = ORIENTED_EDGE('',*,*,#65,.T.);
#65 = EDGE_CURVE('',#57,#66,#68,.T.);
#66 = VERTEX_POINT('',#67);
#67 = CARTESIAN_POINT('',(10.,-51.,3.));
#68 = LINE('',#69,#70);
#69 = CARTESIAN_POINT('',(-35.,-51.,3.));
#70 = VECTOR('',#71,1.);
#71 = DIRECTION('',(1.,0.,0.));
#72 = ORIENTED_EDGE('',*,*,#73,.F.);
#73 = EDGE_CURVE('',#74,#66,#76,.T.);
#74 = VERTEX_POINT('',#75);
#75 = CARTESIAN_POINT('',(10.,51.,3.));
#76 = LINE('',#77,#78);
#77 = CARTESIAN_POINT('',(10.,51.,3.));
#78 = VECTOR('',#79,1.);
#79 = DIRECTION('',(0.,-1.,0.));
#80 = ORIENTED_EDGE('',*,*,#81,.T.);
#81 = EDGE_CURVE('',#74,#82,#84,.T.);
#82 = VERTEX_POINT('',#83);
#83 = CARTESIAN_POINT('',(5.,51.,3.));
#84 = LINE('',#85,#86);
#85 = CARTESIAN_POINT('',(35.,51.,3.));
#86 = VECTOR('',#87,1.);
#87 = DIRECTION('',(-1.,0.,0.));
#88 = ORIENTED_EDGE('',*,*,#89,.T.);
#89 = EDGE_CURVE('',#82,#90,#92,.T.);
#90 = VERTEX_POINT('',#91);
#91 = CARTESIAN_POINT('',(5.,45.,3.));
#92 = LINE('',#93,#94);
#93 = CARTESIAN_POINT('',(5.,51.,3.));
#94 = VECTOR('',#95,1.);
#95 = DIRECTION('',(0.,-1.,2.2E-16));
#96 = ORIENTED_EDGE('',*,*,#97,.T.);
#97 = EDGE_CURVE('',#90,#98,#100,.T.);
#98 = VERTEX_POINT('',#99);
#99 = CARTESIAN_POINT('',(4.,44.,3.));
#100 = CIRCLE('',#101,1.);
#101 = AXIS2_PLACEMENT_3D('',#102,#103,#104);
#102 = CARTESIAN_POINT('',(4.,45.,3.));
#103 = DIRECTION('',(-0.,-2.2E-16,-1.));
#104 = DIRECTION('',(0.,-1.,2.2E-16));
#105 = ORIENTED_EDGE('',*,*,#106,.F.);
#106 = EDGE_CURVE('',#107,#98,#109,.T.);
#107 = VERTEX_POINT('',#108);
#108 = CARTESIAN_POINT('',(3.,44.,3.));
#109 = LINE('',#110,#111);
#110 = CARTESIAN_POINT('',(2.,44.,3.));
#111 = VECTOR('',#112,1.);
#112 = DIRECTION('',(1.,0.,0.));
#113 = ORIENTED_EDGE('',*,*,#114,.F.);
#114 = EDGE_CURVE('',#24,#107,#115,.T.);
#115 = CIRCLE('',#116,1.);
#116 = AXIS2_PLACEMENT_3D('',#117,#118,#119);
#117 = CARTESIAN_POINT('',(3.,45.,3.));
#118 = DIRECTION('',(0.,2.2E-16,1.));
#119 = DIRECTION('',(0.,1.,-2.2E-16));
#120 = FACE_BOUND('',#121,.T.);
#121 = EDGE_LOOP('',(#122));
#122 = ORIENTED_EDGE('',*,*,#123,.T.);
#123 = EDGE_CURVE('',#124,#124,#126,.T.);
#124 = VERTEX_POINT('',#125);
#125 = CARTESIAN_POINT('',(4.,0.,3.));
#126 = CIRCLE('',#127,4.);
#127 = AXIS2_PLACEMENT_3D('',#128,#129,#130);
#128 = CARTESIAN_POINT('',(0.,0.,3.));
#129 = DIRECTION('',(0.,0.,-1.));
#130 = DIRECTION('',(1.,0.,0.));
#131 = PLANE('',#132);
#132 = AXIS2_PLACEMENT_3D('',#133,#134,#135);
#133 = CARTESIAN_POINT('',(4.061921011574,-2.8E-16,3.));
#134 = DIRECTION('',(0.,0.,1.));
#135 = DIRECTION('',(1.,0.,0.));
#136 = ADVANCED_FACE('',(#137,#162,#173),#184,.F.);
#137 = FACE_BOUND('',#138,.F.);
#138 = EDGE_LOOP('',(#139,#149,#155,#156));
#139 = ORIENTED_EDGE('',*,*,#140,.T.);
#140 = EDGE_CURVE('',#141,#143,#145,.T.);
#141 = VERTEX_POINT('',#142);
#142 = CARTESIAN_POINT('',(2.,51.,54.98));
#143 = VERTEX_POINT('',#144);
#144 = CARTESIAN_POINT('',(2.,45.,54.98));
#145 = LINE('',#146,#147);
#146 = CARTESIAN_POINT('',(2.,51.,54.98));
#147 = VECTOR('',#148,1.);
#148 = DIRECTION('',(0.,-1.,2.2E-16));
#149 = ORIENTED_EDGE('',*,*,#150,.T.);
#150 = EDGE_CURVE('',#143,#24,#151,.T.);
#151 = LINE('',#152,#153);
#152 = CARTESIAN_POINT('',(2.,45.,54.98));
#153 = VECTOR('',#154,1.);
#154 = DIRECTION('',(0.,-2.2E-16,-1.));
#155 = ORIENTED_EDGE('',*,*,#21,.F.);
#156 = ORIENTED_EDGE('',*,*,#157,.F.);
#157 = EDGE_CURVE('',#141,#22,#158,.T.);
#158 = LINE('',#159,#160);
#159 = CARTESIAN_POINT('',(2.,51.,54.98));
#160 = VECTOR('',#161,1.);
#161 = DIRECTION('',(0.,0.,-1.));
#162 = FACE_BOUND('',#163,.F.);
#163 = EDGE_LOOP('',(#164));
#164 = ORIENTED_EDGE('',*,*,#165,.T.);
#165 = EDGE_CURVE('',#166,#166,#168,.T.);
#166 = VERTEX_POINT('',#167);
#167 = CARTESIAN_POINT('',(2.,45.62,33.5));
#168 = CIRCLE('',#169,1.1);
#169 = AXIS2_PLACEMENT_3D('',#170,#171,#172);
#170 = CARTESIAN_POINT('',(2.,46.72,33.5));
#171 = DIRECTION('',(-1.,0.,0.));
#172 = DIRECTION('',(0.,-1.,0.));
#173 = FACE_BOUND('',#174,.F.);
#174 = EDGE_LOOP('',(#175));
#175 = ORIENTED_EDGE('',*,*,#176,.T.);
#176 = EDGE_CURVE('',#177,#177,#179,.T.);
#177 = VERTEX_POINT('',#178);
#178 = CARTESIAN_POINT('',(2.,45.62,46.));
#179 = CIRCLE('',#180,1.1);
#180 = AXIS2_PLACEMENT_3D('',#181,#182,#183);
#181 = CARTESIAN_POINT('',(2.,46.72,46.));
#182 = DIRECTION('',(-1.,0.,0.));
#183 = DIRECTION('',(0.,-1.,0.));
#184 = PLANE('',#185);
#185 = AXIS2_PLACEMENT_3D('',#186,#187,#188);
#186 = CARTESIAN_POINT('',(2.,51.,54.98));
#187 = DIRECTION('',(1.,0.,0.));
#188 = DIRECTION('',(0.,-2.2E-16,-1.));
#189 = ADVANCED_FACE('',(#190),#209,.T.);
#190 = FACE_BOUND('',#191,.F.);
#191 = EDGE_LOOP('',(#192,#201,#207,#208));
#192 = ORIENTED_EDGE('',*,*,#193,.T.);
#193 = EDGE_CURVE('',#143,#194,#196,.T.);
#194 = VERTEX_POINT('',#195);
#195 = CARTESIAN_POINT('',(3.,44.,54.98));
#196 = CIRCLE('',#197,1.);
#197 = AXIS2_PLACEMENT_3D('',#198,#199,#200);
#198 = CARTESIAN_POINT('',(3.,45.,54.98));
#199 = DIRECTION('',(0.,2.2E-16,1.));
#200 = DIRECTION('',(0.,1.,-2.2E-16));
#201 = ORIENTED_EDGE('',*,*,#202,.T.);
#202 = EDGE_CURVE('',#194,#107,#203,.T.);
#203 = LINE('',#204,#205);
#204 = CARTESIAN_POINT('',(3.,44.,54.98));
#205 = VECTOR('',#206,1.);
#206 = DIRECTION('',(0.,-2.2E-16,-1.));
#207 = ORIENTED_EDGE('',*,*,#114,.F.);
#208 = ORIENTED_EDGE('',*,*,#150,.F.);
#209 = CYLINDRICAL_SURFACE('',#210,1.);
#210 = AXIS2_PLACEMENT_3D('',#211,#212,#213);
#211 = CARTESIAN_POINT('',(3.,45.,54.98));
#212 = DIRECTION('',(0.,-2.2E-16,-1.));
#213 = DIRECTION('',(-1.,0.,0.));
#214 = ADVANCED_FACE('',(#215,#288),#322,.T.);
#215 = FACE_BOUND('',#216,.T.);
#216 = EDGE_LOOP('',(#217,#227,#235,#243,#249,#250,#251,#259,#265,#266,
    #274,#282));
#217 = ORIENTED_EDGE('',*,*,#218,.F.);
#218 = EDGE_CURVE('',#219,#221,#223,.T.);
#219 = VERTEX_POINT('',#220);
#220 = CARTESIAN_POINT('',(25.,51.,3.));
#221 = VERTEX_POINT('',#222);
#222 = CARTESIAN_POINT('',(11.61,51.,3.));
#223 = LINE('',#224,#225);
#224 = CARTESIAN_POINT('',(35.,51.,3.));
#225 = VECTOR('',#226,1.);
#226 = DIRECTION('',(-1.,0.,0.));
#227 = ORIENTED_EDGE('',*,*,#228,.F.);
#228 = EDGE_CURVE('',#229,#219,#231,.T.);
#229 = VERTEX_POINT('',#230);
#230 = CARTESIAN_POINT('',(25.,51.,55.));
#231 = LINE('',#232,#233);
#232 = CARTESIAN_POINT('',(25.,51.,55.));
#233 = VECTOR('',#234,1.);
#234 = DIRECTION('',(-0.,-0.,-1.));
#235 = ORIENTED_EDGE('',*,*,#236,.T.);
#236 = EDGE_CURVE('',#229,#237,#239,.T.);
#237 = VERTEX_POINT('',#238);
#238 = CARTESIAN_POINT('',(-25.,51.,55.));
#239 = LINE('',#240,#241);
#240 = CARTESIAN_POINT('',(35.,51.,55.));
#241 = VECTOR('',#242,1.);
#242 = DIRECTION('',(-1.,0.,0.));
#243 = ORIENTED_EDGE('',*,*,#244,.T.);
#244 = EDGE_CURVE('',#237,#32,#245,.T.);
#245 = LINE('',#246,#247);
#246 = CARTESIAN_POINT('',(-25.,51.,55.));
#247 = VECTOR('',#248,1.);
#248 = DIRECTION('',(-0.,-0.,-1.));
#249 = ORIENTED_EDGE('',*,*,#31,.F.);
#250 = ORIENTED_EDGE('',*,*,#157,.F.);
#251 = ORIENTED_EDGE('',*,*,#252,.F.);
#252 = EDGE_CURVE('',#253,#141,#255,.T.);
#253 = VERTEX_POINT('',#254);
#254 = CARTESIAN_POINT('',(5.,51.,54.98));
#255 = LINE('',#256,#257);
#256 = CARTESIAN_POINT('',(5.,51.,54.98));
#257 = VECTOR('',#258,1.);
#258 = DIRECTION('',(-1.,0.,0.));
#259 = ORIENTED_EDGE('',*,*,#260,.F.);
#260 = EDGE_CURVE('',#82,#253,#261,.T.);
#261 = LINE('',#262,#263);
#262 = CARTESIAN_POINT('',(5.,51.,3.));
#263 = VECTOR('',#264,1.);
#264 = DIRECTION('',(0.,0.,1.));
#265 = ORIENTED_EDGE('',*,*,#81,.F.);
#266 = ORIENTED_EDGE('',*,*,#267,.F.);
#267 = EDGE_CURVE('',#268,#74,#270,.T.);
#268 = VERTEX_POINT('',#269);
#269 = CARTESIAN_POINT('',(10.,51.,0.));
#270 = LINE('',#271,#272);
#271 = CARTESIAN_POINT('',(10.,51.,0.));
#272 = VECTOR('',#273,1.);
#273 = DIRECTION('',(0.,0.,1.));
#274 = ORIENTED_EDGE('',*,*,#275,.F.);
#275 = EDGE_CURVE('',#276,#268,#278,.T.);
#276 = VERTEX_POINT('',#277);
#277 = CARTESIAN_POINT('',(11.61,51.,0.));
#278 = LINE('',#279,#280);
#279 = CARTESIAN_POINT('',(35.,51.,0.));
#280 = VECTOR('',#281,1.);
#281 = DIRECTION('',(-1.,0.,0.));
#282 = ORIENTED_EDGE('',*,*,#283,.T.);
#283 = EDGE_CURVE('',#276,#221,#284,.T.);
#284 = LINE('',#285,#286);
#285 = CARTESIAN_POINT('',(11.61,51.,0.));
#286 = VECTOR('',#287,1.);
#287 = DIRECTION('',(0.,0.,1.));
#288 = FACE_BOUND('',#289,.T.);
#289 = EDGE_LOOP('',(#290,#300,#308,#316));
#290 = ORIENTED_EDGE('',*,*,#291,.F.);
#291 = EDGE_CURVE('',#292,#294,#296,.T.);
#292 = VERTEX_POINT('',#293);
#293 = CARTESIAN_POINT('',(10.26,51.,31.23));
#294 = VERTEX_POINT('',#295);
#295 = CARTESIAN_POINT('',(10.26,51.,18.23));
#296 = LINE('',#297,#298);
#297 = CARTESIAN_POINT('',(10.26,51.,31.23));
#298 = VECTOR('',#299,1.);
#299 = DIRECTION('',(0.,0.,-1.));
#300 = ORIENTED_EDGE('',*,*,#301,.F.);
#301 = EDGE_CURVE('',#302,#292,#304,.T.);
#302 = VERTEX_POINT('',#303);
#303 = CARTESIAN_POINT('',(16.26,51.,31.23));
#304 = LINE('',#305,#306);
#305 = CARTESIAN_POINT('',(16.26,51.,31.23));
#306 = VECTOR('',#307,1.);
#307 = DIRECTION('',(-1.,0.,0.));
#308 = ORIENTED_EDGE('',*,*,#309,.F.);
#309 = EDGE_CURVE('',#310,#302,#312,.T.);
#310 = VERTEX_POINT('',#311);
#311 = CARTESIAN_POINT('',(16.26,51.,18.23));
#312 = LINE('',#313,#314);
#313 = CARTESIAN_POINT('',(16.26,51.,18.23));
#314 = VECTOR('',#315,1.);
#315 = DIRECTION('',(0.,0.,1.));
#316 = ORIENTED_EDGE('',*,*,#317,.F.);
#317 = EDGE_CURVE('',#294,#310,#318,.T.);
#318 = LINE('',#319,#320);
#319 = CARTESIAN_POINT('',(10.26,51.,18.23));
#320 = VECTOR('',#321,1.);
#321 = DIRECTION('',(1.,0.,0.));
#322 = PLANE('',#323);
#323 = AXIS2_PLACEMENT_3D('',#324,#325,#326);
#324 = CARTESIAN_POINT('',(0.308714285714,51.,28.191285714286));
#325 = DIRECTION('',(-0.,-1.,-0.));
#326 = DIRECTION('',(0.,0.,-1.));
#327 = ADVANCED_FACE('',(#328),#346,.F.);
#328 = FACE_BOUND('',#329,.F.);
#329 = EDGE_LOOP('',(#330,#331,#332,#340));
#330 = ORIENTED_EDGE('',*,*,#106,.F.);
#331 = ORIENTED_EDGE('',*,*,#202,.F.);
#332 = ORIENTED_EDGE('',*,*,#333,.F.);
#333 = EDGE_CURVE('',#334,#194,#336,.T.);
#334 = VERTEX_POINT('',#335);
#335 = CARTESIAN_POINT('',(4.,44.,54.98));
#336 = LINE('',#337,#338);
#337 = CARTESIAN_POINT('',(5.,44.,54.98));
#338 = VECTOR('',#339,1.);
#339 = DIRECTION('',(-1.,0.,0.));
#340 = ORIENTED_EDGE('',*,*,#341,.F.);
#341 = EDGE_CURVE('',#98,#334,#342,.T.);
#342 = LINE('',#343,#344);
#343 = CARTESIAN_POINT('',(4.,44.,3.));
#344 = VECTOR('',#345,1.);
#345 = DIRECTION('',(0.,2.2E-16,1.));
#346 = PLANE('',#347);
#347 = AXIS2_PLACEMENT_3D('',#348,#349,#350);
#348 = CARTESIAN_POINT('',(3.5,44.,28.99));
#349 = DIRECTION('',(0.,1.,-2.7E-16));
#350 = DIRECTION('',(0.,2.7E-16,1.));
#351 = ADVANCED_FACE('',(#352),#371,.T.);
#352 = FACE_BOUND('',#353,.T.);
#353 = EDGE_LOOP('',(#354,#363,#369,#370));
#354 = ORIENTED_EDGE('',*,*,#355,.F.);
#355 = EDGE_CURVE('',#356,#237,#358,.T.);
#356 = VERTEX_POINT('',#357);
#357 = CARTESIAN_POINT('',(-35.,41.,55.));
#358 = CIRCLE('',#359,10.);
#359 = AXIS2_PLACEMENT_3D('',#360,#361,#362);
#360 = CARTESIAN_POINT('',(-35.,51.,55.));
#361 = DIRECTION('',(0.,0.,1.));
#362 = DIRECTION('',(1.,0.,0.));
#363 = ORIENTED_EDGE('',*,*,#364,.T.);
#364 = EDGE_CURVE('',#356,#40,#365,.T.);
#365 = LINE('',#366,#367);
#366 = CARTESIAN_POINT('',(-35.,41.,55.));
#367 = VECTOR('',#368,1.);
#368 = DIRECTION('',(-0.,-0.,-1.));
#369 = ORIENTED_EDGE('',*,*,#39,.T.);
#370 = ORIENTED_EDGE('',*,*,#244,.F.);
#371 = CYLINDRICAL_SURFACE('',#372,10.);
#372 = AXIS2_PLACEMENT_3D('',#373,#374,#375);
#373 = CARTESIAN_POINT('',(-35.,51.,55.));
#374 = DIRECTION('',(0.,0.,1.));
#375 = DIRECTION('',(1.,0.,0.));
#376 = ADVANCED_FACE('',(#377),#396,.T.);
#377 = FACE_BOUND('',#378,.F.);
#378 = EDGE_LOOP('',(#379,#380,#381,#390));
#379 = ORIENTED_EDGE('',*,*,#97,.T.);
#380 = ORIENTED_EDGE('',*,*,#341,.T.);
#381 = ORIENTED_EDGE('',*,*,#382,.F.);
#382 = EDGE_CURVE('',#383,#334,#385,.T.);
#383 = VERTEX_POINT('',#384);
#384 = CARTESIAN_POINT('',(5.,45.,54.98));
#385 = CIRCLE('',#386,1.);
#386 = AXIS2_PLACEMENT_3D('',#387,#388,#389);
#387 = CARTESIAN_POINT('',(4.,45.,54.98));
#388 = DIRECTION('',(-0.,-2.2E-16,-1.));
#389 = DIRECTION('',(0.,-1.,2.2E-16));
#390 = ORIENTED_EDGE('',*,*,#391,.F.);
#391 = EDGE_CURVE('',#90,#383,#392,.T.);
#392 = LINE('',#393,#394);
#393 = CARTESIAN_POINT('',(5.,45.,3.));
#394 = VECTOR('',#395,1.);
#395 = DIRECTION('',(0.,2.2E-16,1.));
#396 = CYLINDRICAL_SURFACE('',#397,1.);
#397 = AXIS2_PLACEMENT_3D('',#398,#399,#400);
#398 = CARTESIAN_POINT('',(4.,45.,3.));
#399 = DIRECTION('',(0.,2.2E-16,1.));
#400 = DIRECTION('',(1.,0.,0.));
#401 = ADVANCED_FACE('',(#402,#420,#431,#442,#453,#487,#498),#509,.T.);
#402 = FACE_BOUND('',#403,.T.);
#403 = EDGE_LOOP('',(#404,#405,#406,#414));
#404 = ORIENTED_EDGE('',*,*,#48,.F.);
#405 = ORIENTED_EDGE('',*,*,#364,.F.);
#406 = ORIENTED_EDGE('',*,*,#407,.T.);
#407 = EDGE_CURVE('',#356,#408,#410,.T.);
#408 = VERTEX_POINT('',#409);
#409 = CARTESIAN_POINT('',(-35.,-41.,55.));
#410 = LINE('',#411,#412);
#411 = CARTESIAN_POINT('',(-35.,51.,55.));
#412 = VECTOR('',#413,1.);
#413 = DIRECTION('',(0.,-1.,0.));
#414 = ORIENTED_EDGE('',*,*,#415,.T.);
#415 = EDGE_CURVE('',#408,#49,#416,.T.);
#416 = LINE('',#417,#418);
#417 = CARTESIAN_POINT('',(-35.,-41.,55.));
#418 = VECTOR('',#419,1.);
#419 = DIRECTION('',(0.,0.,-1.));
#420 = FACE_BOUND('',#421,.T.);
#421 = EDGE_LOOP('',(#422));
#422 = ORIENTED_EDGE('',*,*,#423,.F.);
#423 = EDGE_CURVE('',#424,#424,#426,.T.);
#424 = VERTEX_POINT('',#425);
#425 = CARTESIAN_POINT('',(-35.,-6.93,44.85));
#426 = CIRCLE('',#427,1.75);
#427 = AXIS2_PLACEMENT_3D('',#428,#429,#430);
#428 = CARTESIAN_POINT('',(-35.,-8.68,44.85));
#429 = DIRECTION('',(1.,0.,0.));
#430 = DIRECTION('',(0.,1.,0.));
#431 = FACE_BOUND('',#432,.T.);
#432 = EDGE_LOOP('',(#433));
#433 = ORIENTED_EDGE('',*,*,#434,.F.);
#434 = EDGE_CURVE('',#435,#435,#437,.T.);
#435 = VERTEX_POINT('',#436);
#436 = CARTESIAN_POINT('',(-35.,-30.57,44.85));
#437 = CIRCLE('',#438,1.75);
#438 = AXIS2_PLACEMENT_3D('',#439,#440,#441);
#439 = CARTESIAN_POINT('',(-35.,-32.32,44.85));
#440 = DIRECTION('',(1.,0.,0.));
#441 = DIRECTION('',(0.,1.,0.));
#442 = FACE_BOUND('',#443,.T.);
#443 = EDGE_LOOP('',(#444));
#444 = ORIENTED_EDGE('',*,*,#445,.F.);
#445 = EDGE_CURVE('',#446,#446,#448,.T.);
#446 = VERTEX_POINT('',#447);
#447 = CARTESIAN_POINT('',(-35.,30.98,24.09));
#448 = CIRCLE('',#449,2.7);
#449 = AXIS2_PLACEMENT_3D('',#450,#451,#452);
#450 = CARTESIAN_POINT('',(-35.,28.28,24.09));
#451 = DIRECTION('',(1.,0.,0.));
#452 = DIRECTION('',(0.,1.,0.));
#453 = FACE_BOUND('',#454,.T.);
#454 = EDGE_LOOP('',(#455,#465,#473,#481));
#455 = ORIENTED_EDGE('',*,*,#456,.F.);
#456 = EDGE_CURVE('',#457,#459,#461,.T.);
#457 = VERTEX_POINT('',#458);
#458 = CARTESIAN_POINT('',(-35.,-33.37,42.35));
#459 = VERTEX_POINT('',#460);
#460 = CARTESIAN_POINT('',(-35.,-33.37,20.15));
#461 = LINE('',#462,#463);
#462 = CARTESIAN_POINT('',(-35.,-33.37,42.35));
#463 = VECTOR('',#464,1.);
#464 = DIRECTION('',(0.,0.,-1.));
#465 = ORIENTED_EDGE('',*,*,#466,.F.);
#466 = EDGE_CURVE('',#467,#457,#469,.T.);
#467 = VERTEX_POINT('',#468);
#468 = CARTESIAN_POINT('',(-35.,-7.67,42.35));
#469 = LINE('',#470,#471);
#470 = CARTESIAN_POINT('',(-35.,-7.67,42.35));
#471 = VECTOR('',#472,1.);
#472 = DIRECTION('',(0.,-1.,0.));
#473 = ORIENTED_EDGE('',*,*,#474,.F.);
#474 = EDGE_CURVE('',#475,#467,#477,.T.);
#475 = VERTEX_POINT('',#476);
#476 = CARTESIAN_POINT('',(-35.,-7.67,20.15));
#477 = LINE('',#478,#479);
#478 = CARTESIAN_POINT('',(-35.,-7.67,20.15));
#479 = VECTOR('',#480,1.);
#480 = DIRECTION('',(0.,0.,1.));
#481 = ORIENTED_EDGE('',*,*,#482,.F.);
#482 = EDGE_CURVE('',#459,#475,#483,.T.);
#483 = LINE('',#484,#485);
#484 = CARTESIAN_POINT('',(-35.,-33.37,20.15));
#485 = VECTOR('',#486,1.);
#486 = DIRECTION('',(0.,1.,0.));
#487 = FACE_BOUND('',#488,.T.);
#488 = EDGE_LOOP('',(#489));
#489 = ORIENTED_EDGE('',*,*,#490,.F.);
#490 = EDGE_CURVE('',#491,#491,#493,.T.);
#491 = VERTEX_POINT('',#492);
#492 = CARTESIAN_POINT('',(-35.,-6.93,17.65));
#493 = CIRCLE('',#494,1.75);
#494 = AXIS2_PLACEMENT_3D('',#495,#496,#497);
#495 = CARTESIAN_POINT('',(-35.,-8.68,17.65));
#496 = DIRECTION('',(1.,0.,0.));
#497 = DIRECTION('',(0.,1.,0.));
#498 = FACE_BOUND('',#499,.T.);
#499 = EDGE_LOOP('',(#500));
#500 = ORIENTED_EDGE('',*,*,#501,.F.);
#501 = EDGE_CURVE('',#502,#502,#504,.T.);
#502 = VERTEX_POINT('',#503);
#503 = CARTESIAN_POINT('',(-35.,-30.57,17.65));
#504 = CIRCLE('',#505,1.75);
#505 = AXIS2_PLACEMENT_3D('',#506,#507,#508);
#506 = CARTESIAN_POINT('',(-35.,-32.32,17.65));
#507 = DIRECTION('',(1.,0.,0.));
#508 = DIRECTION('',(0.,1.,0.));
#509 = PLANE('',#510);
#510 = AXIS2_PLACEMENT_3D('',#511,#512,#513);
#511 = CARTESIAN_POINT('',(-35.,51.,0.));
#512 = DIRECTION('',(1.,0.,0.));
#513 = DIRECTION('',(0.,-1.,0.));
#514 = ADVANCED_FACE('',(#515,#526,#537),#548,.F.);
#515 = FACE_BOUND('',#516,.F.);
#516 = EDGE_LOOP('',(#517,#518,#519,#525));
#517 = ORIENTED_EDGE('',*,*,#89,.T.);
#518 = ORIENTED_EDGE('',*,*,#391,.T.);
#519 = ORIENTED_EDGE('',*,*,#520,.F.);
#520 = EDGE_CURVE('',#253,#383,#521,.T.);
#521 = LINE('',#522,#523);
#522 = CARTESIAN_POINT('',(5.,51.,54.98));
#523 = VECTOR('',#524,1.);
#524 = DIRECTION('',(0.,-1.,2.2E-16));
#525 = ORIENTED_EDGE('',*,*,#260,.F.);
#526 = FACE_BOUND('',#527,.F.);
#527 = EDGE_LOOP('',(#528));
#528 = ORIENTED_EDGE('',*,*,#529,.F.);
#529 = EDGE_CURVE('',#530,#530,#532,.T.);
#530 = VERTEX_POINT('',#531);
#531 = CARTESIAN_POINT('',(5.,45.62,33.5));
#532 = CIRCLE('',#533,1.1);
#533 = AXIS2_PLACEMENT_3D('',#534,#535,#536);
#534 = CARTESIAN_POINT('',(5.,46.72,33.5));
#535 = DIRECTION('',(-1.,0.,0.));
#536 = DIRECTION('',(0.,-1.,0.));
#537 = FACE_BOUND('',#538,.F.);
#538 = EDGE_LOOP('',(#539));
#539 = ORIENTED_EDGE('',*,*,#540,.F.);
#540 = EDGE_CURVE('',#541,#541,#543,.T.);
#541 = VERTEX_POINT('',#542);
#542 = CARTESIAN_POINT('',(5.,45.62,46.));
#543 = CIRCLE('',#544,1.1);
#544 = AXIS2_PLACEMENT_3D('',#545,#546,#547);
#545 = CARTESIAN_POINT('',(5.,46.72,46.));
#546 = DIRECTION('',(-1.,0.,0.));
#547 = DIRECTION('',(0.,-1.,0.));
#548 = PLANE('',#549);
#549 = AXIS2_PLACEMENT_3D('',#550,#551,#552);
#550 = CARTESIAN_POINT('',(5.,51.,3.));
#551 = DIRECTION('',(-1.,0.,0.));
#552 = DIRECTION('',(0.,2.2E-16,1.));
#553 = ADVANCED_FACE('',(#554),#573,.T.);
#554 = FACE_BOUND('',#555,.F.);
#555 = EDGE_LOOP('',(#556,#565,#566,#567));
#556 = ORIENTED_EDGE('',*,*,#557,.F.);
#557 = EDGE_CURVE('',#408,#558,#560,.T.);
#558 = VERTEX_POINT('',#559);
#559 = CARTESIAN_POINT('',(-25.,-51.,55.));
#560 = CIRCLE('',#561,10.);
#561 = AXIS2_PLACEMENT_3D('',#562,#563,#564);
#562 = CARTESIAN_POINT('',(-35.,-51.,55.));
#563 = DIRECTION('',(0.,0.,-1.));
#564 = DIRECTION('',(1.,0.,0.));
#565 = ORIENTED_EDGE('',*,*,#415,.T.);
#566 = ORIENTED_EDGE('',*,*,#56,.F.);
#567 = ORIENTED_EDGE('',*,*,#568,.F.);
#568 = EDGE_CURVE('',#558,#57,#569,.T.);
#569 = LINE('',#570,#571);
#570 = CARTESIAN_POINT('',(-25.,-51.,55.));
#571 = VECTOR('',#572,1.);
#572 = DIRECTION('',(0.,0.,-1.));
#573 = CYLINDRICAL_SURFACE('',#574,10.);
#574 = AXIS2_PLACEMENT_3D('',#575,#576,#577);
#575 = CARTESIAN_POINT('',(-35.,-51.,55.));
#576 = DIRECTION('',(0.,0.,1.));
#577 = DIRECTION('',(1.,0.,0.));
#578 = ADVANCED_FACE('',(#579),#629,.T.);
#579 = FACE_BOUND('',#580,.T.);
#580 = EDGE_LOOP('',(#581,#582,#583,#591,#599,#607,#615,#623));
#581 = ORIENTED_EDGE('',*,*,#65,.F.);
#582 = ORIENTED_EDGE('',*,*,#568,.F.);
#583 = ORIENTED_EDGE('',*,*,#584,.T.);
#584 = EDGE_CURVE('',#558,#585,#587,.T.);
#585 = VERTEX_POINT('',#586);
#586 = CARTESIAN_POINT('',(25.,-51.,55.));
#587 = LINE('',#588,#589);
#588 = CARTESIAN_POINT('',(-35.,-51.,55.));
#589 = VECTOR('',#590,1.);
#590 = DIRECTION('',(1.,0.,0.));
#591 = ORIENTED_EDGE('',*,*,#592,.T.);
#592 = EDGE_CURVE('',#585,#593,#595,.T.);
#593 = VERTEX_POINT('',#594);
#594 = CARTESIAN_POINT('',(25.,-51.,3.));
#595 = LINE('',#596,#597);
#596 = CARTESIAN_POINT('',(25.,-51.,55.));
#597 = VECTOR('',#598,1.);
#598 = DIRECTION('',(0.,0.,-1.));
#599 = ORIENTED_EDGE('',*,*,#600,.F.);
#600 = EDGE_CURVE('',#601,#593,#603,.T.);
#601 = VERTEX_POINT('',#602);
#602 = CARTESIAN_POINT('',(11.61,-51.,3.));
#603 = LINE('',#604,#605);
#604 = CARTESIAN_POINT('',(-35.,-51.,3.));
#605 = VECTOR('',#606,1.);
#606 = DIRECTION('',(1.,0.,0.));
#607 = ORIENTED_EDGE('',*,*,#608,.F.);
#608 = EDGE_CURVE('',#609,#601,#611,.T.);
#609 = VERTEX_POINT('',#610);
#610 = CARTESIAN_POINT('',(11.61,-51.,0.));
#611 = LINE('',#612,#613);
#612 = CARTESIAN_POINT('',(11.61,-51.,0.));
#613 = VECTOR('',#614,1.);
#614 = DIRECTION('',(0.,0.,1.));
#615 = ORIENTED_EDGE('',*,*,#616,.F.);
#616 = EDGE_CURVE('',#617,#609,#619,.T.);
#617 = VERTEX_POINT('',#618);
#618 = CARTESIAN_POINT('',(10.,-51.,0.));
#619 = LINE('',#620,#621);
#620 = CARTESIAN_POINT('',(-35.,-51.,0.));
#621 = VECTOR('',#622,1.);
#622 = DIRECTION('',(1.,0.,0.));
#623 = ORIENTED_EDGE('',*,*,#624,.T.);
#624 = EDGE_CURVE('',#617,#66,#625,.T.);
#625 = LINE('',#626,#627);
#626 = CARTESIAN_POINT('',(10.,-51.,0.));
#627 = VECTOR('',#628,1.);
#628 = DIRECTION('',(0.,0.,1.));
#629 = PLANE('',#630);
#630 = AXIS2_PLACEMENT_3D('',#631,#632,#633);
#631 = CARTESIAN_POINT('',(0.308714285714,-51.,28.191285714286));
#632 = DIRECTION('',(0.,1.,0.));
#633 = DIRECTION('',(0.,0.,1.));
#634 = ADVANCED_FACE('',(#635),#646,.T.);
#635 = FACE_BOUND('',#636,.T.);
#636 = EDGE_LOOP('',(#637,#638,#639,#640));
#637 = ORIENTED_EDGE('',*,*,#267,.T.);
#638 = ORIENTED_EDGE('',*,*,#73,.T.);
#639 = ORIENTED_EDGE('',*,*,#624,.F.);
#640 = ORIENTED_EDGE('',*,*,#641,.F.);
#641 = EDGE_CURVE('',#268,#617,#642,.T.);
#642 = LINE('',#643,#644);
#643 = CARTESIAN_POINT('',(10.,51.,0.));
#644 = VECTOR('',#645,1.);
#645 = DIRECTION('',(0.,-1.,0.));
#646 = PLANE('',#647);
#647 = AXIS2_PLACEMENT_3D('',#648,#649,#650);
#648 = CARTESIAN_POINT('',(10.,51.,0.));
#649 = DIRECTION('',(1.,0.,0.));
#650 = DIRECTION('',(0.,-1.,0.));
#651 = ADVANCED_FACE('',(#652),#671,.F.);
#652 = FACE_BOUND('',#653,.F.);
#653 = EDGE_LOOP('',(#654,#663,#669,#670));
#654 = ORIENTED_EDGE('',*,*,#655,.F.);
#655 = EDGE_CURVE('',#656,#656,#658,.T.);
#656 = VERTEX_POINT('',#657);
#657 = CARTESIAN_POINT('',(4.,0.,-3.));
#658 = CIRCLE('',#659,4.);
#659 = AXIS2_PLACEMENT_3D('',#660,#661,#662);
#660 = CARTESIAN_POINT('',(0.,0.,-3.));
#661 = DIRECTION('',(0.,0.,-1.));
#662 = DIRECTION('',(1.,0.,0.));
#663 = ORIENTED_EDGE('',*,*,#664,.T.);
#664 = EDGE_CURVE('',#656,#124,#665,.T.);
#665 = LINE('',#666,#667);
#666 = CARTESIAN_POINT('',(4.,0.,-3.));
#667 = VECTOR('',#668,1.);
#668 = DIRECTION('',(0.,0.,1.));
#669 = ORIENTED_EDGE('',*,*,#123,.T.);
#670 = ORIENTED_EDGE('',*,*,#664,.F.);
#671 = CYLINDRICAL_SURFACE('',#672,4.);
#672 = AXIS2_PLACEMENT_3D('',#673,#674,#675);
#673 = CARTESIAN_POINT('',(0.,0.,-3.));
#674 = DIRECTION('',(0.,0.,-1.));
#675 = DIRECTION('',(1.,0.,0.));
#676 = ADVANCED_FACE('',(#677),#685,.F.);
#677 = FACE_BOUND('',#678,.F.);
#678 = EDGE_LOOP('',(#679,#680,#681,#682,#683,#684));
#679 = ORIENTED_EDGE('',*,*,#520,.T.);
#680 = ORIENTED_EDGE('',*,*,#382,.T.);
#681 = ORIENTED_EDGE('',*,*,#333,.T.);
#682 = ORIENTED_EDGE('',*,*,#193,.F.);
#683 = ORIENTED_EDGE('',*,*,#140,.F.);
#684 = ORIENTED_EDGE('',*,*,#252,.F.);
#685 = PLANE('',#686);
#686 = AXIS2_PLACEMENT_3D('',#687,#688,#689);
#687 = CARTESIAN_POINT('',(5.,51.,54.98));
#688 = DIRECTION('',(-0.,-2.2E-16,-1.));
#689 = DIRECTION('',(-1.,0.,0.));
#690 = ADVANCED_FACE('',(#691),#702,.F.);
#691 = FACE_BOUND('',#692,.F.);
#692 = EDGE_LOOP('',(#693,#694,#700,#701));
#693 = ORIENTED_EDGE('',*,*,#165,.F.);
#694 = ORIENTED_EDGE('',*,*,#695,.T.);
#695 = EDGE_CURVE('',#166,#530,#696,.T.);
#696 = LINE('',#697,#698);
#697 = CARTESIAN_POINT('',(2.,45.62,33.5));
#698 = VECTOR('',#699,1.);
#699 = DIRECTION('',(1.,0.,0.));
#700 = ORIENTED_EDGE('',*,*,#529,.T.);
#701 = ORIENTED_EDGE('',*,*,#695,.F.);
#702 = CYLINDRICAL_SURFACE('',#703,1.1);
#703 = AXIS2_PLACEMENT_3D('',#704,#705,#706);
#704 = CARTESIAN_POINT('',(2.,46.72,33.5));
#705 = DIRECTION('',(-1.,0.,0.));
#706 = DIRECTION('',(0.,-1.,0.));
#707 = ADVANCED_FACE('',(#708),#719,.F.);
#708 = FACE_BOUND('',#709,.F.);
#709 = EDGE_LOOP('',(#710,#711,#717,#718));
#710 = ORIENTED_EDGE('',*,*,#176,.F.);
#711 = ORIENTED_EDGE('',*,*,#712,.T.);
#712 = EDGE_CURVE('',#177,#541,#713,.T.);
#713 = LINE('',#714,#715);
#714 = CARTESIAN_POINT('',(2.,45.62,46.));
#715 = VECTOR('',#716,1.);
#716 = DIRECTION('',(1.,0.,0.));
#717 = ORIENTED_EDGE('',*,*,#540,.T.);
#718 = ORIENTED_EDGE('',*,*,#712,.F.);
#719 = CYLINDRICAL_SURFACE('',#720,1.1);
#720 = AXIS2_PLACEMENT_3D('',#721,#722,#723);
#721 = CARTESIAN_POINT('',(2.,46.72,46.));
#722 = DIRECTION('',(-1.,0.,0.));
#723 = DIRECTION('',(0.,-1.,0.));
#724 = ADVANCED_FACE('',(#725),#759,.T.);
#725 = FACE_BOUND('',#726,.T.);
#726 = EDGE_LOOP('',(#727,#733,#734,#743,#751,#758));
#727 = ORIENTED_EDGE('',*,*,#728,.F.);
#728 = EDGE_CURVE('',#601,#221,#729,.T.);
#729 = LINE('',#730,#731);
#730 = CARTESIAN_POINT('',(11.61,-51.,3.));
#731 = VECTOR('',#732,1.);
#732 = DIRECTION('',(0.,1.,0.));
#733 = ORIENTED_EDGE('',*,*,#600,.T.);
#734 = ORIENTED_EDGE('',*,*,#735,.F.);
#735 = EDGE_CURVE('',#736,#593,#738,.T.);
#736 = VERTEX_POINT('',#737);
#737 = CARTESIAN_POINT('',(35.,-41.,3.));
#738 = CIRCLE('',#739,12.421415896499);
#739 = AXIS2_PLACEMENT_3D('',#740,#741,#742);
#740 = CARTESIAN_POINT('',(37.221203946497,-53.22120394649,3.));
#741 = DIRECTION('',(0.,0.,1.));
#742 = DIRECTION('',(1.,0.,0.));
#743 = ORIENTED_EDGE('',*,*,#744,.T.);
#744 = EDGE_CURVE('',#736,#745,#747,.T.);
#745 = VERTEX_POINT('',#746);
#746 = CARTESIAN_POINT('',(35.,41.,3.));
#747 = LINE('',#748,#749);
#748 = CARTESIAN_POINT('',(35.,-51.,3.));
#749 = VECTOR('',#750,1.);
#750 = DIRECTION('',(0.,1.,0.));
#751 = ORIENTED_EDGE('',*,*,#752,.F.);
#752 = EDGE_CURVE('',#219,#745,#753,.T.);
#753 = CIRCLE('',#754,12.421415896499);
#754 = AXIS2_PLACEMENT_3D('',#755,#756,#757);
#755 = CARTESIAN_POINT('',(37.221203946497,53.221203946497,3.));
#756 = DIRECTION('',(0.,0.,1.));
#757 = DIRECTION('',(1.,0.,0.));
#758 = ORIENTED_EDGE('',*,*,#218,.T.);
#759 = PLANE('',#760);
#760 = AXIS2_PLACEMENT_3D('',#761,#762,#763);
#761 = CARTESIAN_POINT('',(4.061921011574,-2.8E-16,3.));
#762 = DIRECTION('',(0.,0.,1.));
#763 = DIRECTION('',(1.,0.,0.));
#764 = ADVANCED_FACE('',(#765),#784,.T.);
#765 = FACE_BOUND('',#766,.T.);
#766 = EDGE_LOOP('',(#767,#776,#777,#778));
#767 = ORIENTED_EDGE('',*,*,#768,.F.);
#768 = EDGE_CURVE('',#229,#769,#771,.T.);
#769 = VERTEX_POINT('',#770);
#770 = CARTESIAN_POINT('',(35.,41.,55.));
#771 = CIRCLE('',#772,12.421415896499);
#772 = AXIS2_PLACEMENT_3D('',#773,#774,#775);
#773 = CARTESIAN_POINT('',(37.221203946497,53.221203946497,55.));
#774 = DIRECTION('',(0.,0.,1.));
#775 = DIRECTION('',(1.,0.,0.));
#776 = ORIENTED_EDGE('',*,*,#228,.T.);
#777 = ORIENTED_EDGE('',*,*,#752,.T.);
#778 = ORIENTED_EDGE('',*,*,#779,.F.);
#779 = EDGE_CURVE('',#769,#745,#780,.T.);
#780 = LINE('',#781,#782);
#781 = CARTESIAN_POINT('',(35.,41.,55.));
#782 = VECTOR('',#783,1.);
#783 = DIRECTION('',(-0.,-0.,-1.));
#784 = CYLINDRICAL_SURFACE('',#785,12.421415896499);
#785 = AXIS2_PLACEMENT_3D('',#786,#787,#788);
#786 = CARTESIAN_POINT('',(37.221203946497,53.221203946497,55.));
#787 = DIRECTION('',(0.,0.,1.));
#788 = DIRECTION('',(1.,0.,0.));
#789 = ADVANCED_FACE('',(#790),#801,.T.);
#790 = FACE_BOUND('',#791,.T.);
#791 = EDGE_LOOP('',(#792,#793,#794,#795));
#792 = ORIENTED_EDGE('',*,*,#608,.T.);
#793 = ORIENTED_EDGE('',*,*,#728,.T.);
#794 = ORIENTED_EDGE('',*,*,#283,.F.);
#795 = ORIENTED_EDGE('',*,*,#796,.F.);
#796 = EDGE_CURVE('',#609,#276,#797,.T.);
#797 = LINE('',#798,#799);
#798 = CARTESIAN_POINT('',(11.61,-51.,0.));
#799 = VECTOR('',#800,1.);
#800 = DIRECTION('',(0.,1.,0.));
#801 = PLANE('',#802);
#802 = AXIS2_PLACEMENT_3D('',#803,#804,#805);
#803 = CARTESIAN_POINT('',(11.61,-51.,0.));
#804 = DIRECTION('',(-1.,0.,0.));
#805 = DIRECTION('',(0.,1.,0.));
#806 = ADVANCED_FACE('',(#807,#877,#888,#899,#910,#933),#944,.T.);
#807 = FACE_BOUND('',#808,.T.);
#808 = EDGE_LOOP('',(#809,#819,#828,#836,#845,#853,#862,#870));
#809 = ORIENTED_EDGE('',*,*,#810,.F.);
#810 = EDGE_CURVE('',#811,#813,#815,.T.);
#811 = VERTEX_POINT('',#812);
#812 = CARTESIAN_POINT('',(38.,49.,55.));
#813 = VERTEX_POINT('',#814);
#814 = CARTESIAN_POINT('',(38.,-49.,55.));
#815 = LINE('',#816,#817);
#816 = CARTESIAN_POINT('',(38.,-25.5,55.));
#817 = VECTOR('',#818,1.);
#818 = DIRECTION('',(0.,-1.,0.));
#819 = ORIENTED_EDGE('',*,*,#820,.T.);
#820 = EDGE_CURVE('',#811,#821,#823,.T.);
#821 = VERTEX_POINT('',#822);
#822 = CARTESIAN_POINT('',(33.,54.,55.));
#823 = CIRCLE('',#824,5.);
#824 = AXIS2_PLACEMENT_3D('',#825,#826,#827);
#825 = CARTESIAN_POINT('',(33.,49.,55.));
#826 = DIRECTION('',(-0.,0.,1.));
#827 = DIRECTION('',(0.,-1.,0.));
#828 = ORIENTED_EDGE('',*,*,#829,.F.);
#829 = EDGE_CURVE('',#830,#821,#832,.T.);
#830 = VERTEX_POINT('',#831);
#831 = CARTESIAN_POINT('',(-33.,54.,55.));
#832 = LINE('',#833,#834);
#833 = CARTESIAN_POINT('',(17.5,54.,55.));
#834 = VECTOR('',#835,1.);
#835 = DIRECTION('',(1.,0.,0.));
#836 = ORIENTED_EDGE('',*,*,#837,.T.);
#837 = EDGE_CURVE('',#830,#838,#840,.T.);
#838 = VERTEX_POINT('',#839);
#839 = CARTESIAN_POINT('',(-38.,49.,55.));
#840 = CIRCLE('',#841,5.);
#841 = AXIS2_PLACEMENT_3D('',#842,#843,#844);
#842 = CARTESIAN_POINT('',(-33.,49.,55.));
#843 = DIRECTION('',(0.,-0.,1.));
#844 = DIRECTION('',(0.,1.,0.));
#845 = ORIENTED_EDGE('',*,*,#846,.F.);
#846 = EDGE_CURVE('',#847,#838,#849,.T.);
#847 = VERTEX_POINT('',#848);
#848 = CARTESIAN_POINT('',(-38.,-49.,55.));
#849 = LINE('',#850,#851);
#850 = CARTESIAN_POINT('',(-38.,25.5,55.));
#851 = VECTOR('',#852,1.);
#852 = DIRECTION('',(0.,1.,0.));
#853 = ORIENTED_EDGE('',*,*,#854,.F.);
#854 = EDGE_CURVE('',#855,#847,#857,.T.);
#855 = VERTEX_POINT('',#856);
#856 = CARTESIAN_POINT('',(-33.,-54.,55.));
#857 = CIRCLE('',#858,5.);
#858 = AXIS2_PLACEMENT_3D('',#859,#860,#861);
#859 = CARTESIAN_POINT('',(-33.,-49.,55.));
#860 = DIRECTION('',(-0.,-0.,-1.));
#861 = DIRECTION('',(0.,-1.,0.));
#862 = ORIENTED_EDGE('',*,*,#863,.F.);
#863 = EDGE_CURVE('',#864,#855,#866,.T.);
#864 = VERTEX_POINT('',#865);
#865 = CARTESIAN_POINT('',(33.,-54.,55.));
#866 = LINE('',#867,#868);
#867 = CARTESIAN_POINT('',(-17.5,-54.,55.));
#868 = VECTOR('',#869,1.);
#869 = DIRECTION('',(-1.,0.,0.));
#870 = ORIENTED_EDGE('',*,*,#871,.F.);
#871 = EDGE_CURVE('',#813,#864,#872,.T.);
#872 = CIRCLE('',#873,5.);
#873 = AXIS2_PLACEMENT_3D('',#874,#875,#876);
#874 = CARTESIAN_POINT('',(33.,-49.,55.));
#875 = DIRECTION('',(-0.,-0.,-1.));
#876 = DIRECTION('',(0.,-1.,0.));
#877 = FACE_BOUND('',#878,.T.);
#878 = EDGE_LOOP('',(#879));
#879 = ORIENTED_EDGE('',*,*,#880,.F.);
#880 = EDGE_CURVE('',#881,#881,#883,.T.);
#881 = VERTEX_POINT('',#882);
#882 = CARTESIAN_POINT('',(-29.9,-48.22120394649,55.));
#883 = CIRCLE('',#884,2.1);
#884 = AXIS2_PLACEMENT_3D('',#885,#886,#887);
#885 = CARTESIAN_POINT('',(-32.,-48.22120394649,55.));
#886 = DIRECTION('',(0.,0.,1.));
#887 = DIRECTION('',(1.,0.,0.));
#888 = FACE_BOUND('',#889,.T.);
#889 = EDGE_LOOP('',(#890));
#890 = ORIENTED_EDGE('',*,*,#891,.F.);
#891 = EDGE_CURVE('',#892,#892,#894,.T.);
#892 = VERTEX_POINT('',#893);
#893 = CARTESIAN_POINT('',(34.321203946497,-48.22120394649,55.));
#894 = CIRCLE('',#895,2.1);
#895 = AXIS2_PLACEMENT_3D('',#896,#897,#898);
#896 = CARTESIAN_POINT('',(32.221203946497,-48.22120394649,55.));
#897 = DIRECTION('',(0.,0.,1.));
#898 = DIRECTION('',(1.,0.,0.));
#899 = FACE_BOUND('',#900,.T.);
#900 = EDGE_LOOP('',(#901));
#901 = ORIENTED_EDGE('',*,*,#902,.F.);
#902 = EDGE_CURVE('',#903,#903,#905,.T.);
#903 = VERTEX_POINT('',#904);
#904 = CARTESIAN_POINT('',(-29.9,48.,55.));
#905 = CIRCLE('',#906,2.1);
#906 = AXIS2_PLACEMENT_3D('',#907,#908,#909);
#907 = CARTESIAN_POINT('',(-32.,48.,55.));
#908 = DIRECTION('',(0.,0.,1.));
#909 = DIRECTION('',(1.,0.,0.));
#910 = FACE_BOUND('',#911,.T.);
#911 = EDGE_LOOP('',(#912,#913,#914,#915,#916,#924,#931,#932));
#912 = ORIENTED_EDGE('',*,*,#407,.F.);
#913 = ORIENTED_EDGE('',*,*,#355,.T.);
#914 = ORIENTED_EDGE('',*,*,#236,.F.);
#915 = ORIENTED_EDGE('',*,*,#768,.T.);
#916 = ORIENTED_EDGE('',*,*,#917,.F.);
#917 = EDGE_CURVE('',#918,#769,#920,.T.);
#918 = VERTEX_POINT('',#919);
#919 = CARTESIAN_POINT('',(35.,-41.,55.));
#920 = LINE('',#921,#922);
#921 = CARTESIAN_POINT('',(35.,-51.,55.));
#922 = VECTOR('',#923,1.);
#923 = DIRECTION('',(0.,1.,0.));
#924 = ORIENTED_EDGE('',*,*,#925,.F.);
#925 = EDGE_CURVE('',#585,#918,#926,.T.);
#926 = CIRCLE('',#927,12.421415896499);
#927 = AXIS2_PLACEMENT_3D('',#928,#929,#930);
#928 = CARTESIAN_POINT('',(37.221203946497,-53.22120394649,55.));
#929 = DIRECTION('',(0.,0.,-1.));
#930 = DIRECTION('',(1.,0.,0.));
#931 = ORIENTED_EDGE('',*,*,#584,.F.);
#932 = ORIENTED_EDGE('',*,*,#557,.F.);
#933 = FACE_BOUND('',#934,.T.);
#934 = EDGE_LOOP('',(#935));
#935 = ORIENTED_EDGE('',*,*,#936,.F.);
#936 = EDGE_CURVE('',#937,#937,#939,.T.);
#937 = VERTEX_POINT('',#938);
#938 = CARTESIAN_POINT('',(34.321203946497,48.,55.));
#939 = CIRCLE('',#940,2.1);
#940 = AXIS2_PLACEMENT_3D('',#941,#942,#943);
#941 = CARTESIAN_POINT('',(32.221203946497,48.,55.));
#942 = DIRECTION('',(0.,0.,1.));
#943 = DIRECTION('',(1.,0.,0.));
#944 = PLANE('',#945);
#945 = AXIS2_PLACEMENT_3D('',#946,#947,#948);
#946 = CARTESIAN_POINT('',(0.,0.,55.));
#947 = DIRECTION('',(0.,0.,1.));
#948 = DIRECTION('',(1.,0.,0.));
#949 = ADVANCED_FACE('',(#950),#956,.T.);
#950 = FACE_BOUND('',#951,.T.);
#951 = EDGE_LOOP('',(#952,#953,#954,#955));
#952 = ORIENTED_EDGE('',*,*,#275,.T.);
#953 = ORIENTED_EDGE('',*,*,#641,.T.);
#954 = ORIENTED_EDGE('',*,*,#616,.T.);
#955 = ORIENTED_EDGE('',*,*,#796,.T.);
#956 = PLANE('',#957);
#957 = AXIS2_PLACEMENT_3D('',#958,#959,#960);
#958 = CARTESIAN_POINT('',(0.,0.,0.));
#959 = DIRECTION('',(0.,0.,1.));
#960 = DIRECTION('',(1.,0.,0.));
#961 = ADVANCED_FACE('',(#962),#987,.F.);
#962 = FACE_BOUND('',#963,.F.);
#963 = EDGE_LOOP('',(#964,#965,#973,#981));
#964 = ORIENTED_EDGE('',*,*,#291,.F.);
#965 = ORIENTED_EDGE('',*,*,#966,.T.);
#966 = EDGE_CURVE('',#292,#967,#969,.T.);
#967 = VERTEX_POINT('',#968);
#968 = CARTESIAN_POINT('',(10.26,54.,31.23));
#969 = LINE('',#970,#971);
#970 = CARTESIAN_POINT('',(10.26,51.,31.23));
#971 = VECTOR('',#972,1.);
#972 = DIRECTION('',(0.,1.,-2.2E-16));
#973 = ORIENTED_EDGE('',*,*,#974,.T.);
#974 = EDGE_CURVE('',#967,#975,#977,.T.);
#975 = VERTEX_POINT('',#976);
#976 = CARTESIAN_POINT('',(10.26,54.,18.23));
#977 = LINE('',#978,#979);
#978 = CARTESIAN_POINT('',(10.26,54.,15.615));
#979 = VECTOR('',#980,1.);
#980 = DIRECTION('',(0.,0.,-1.));
#981 = ORIENTED_EDGE('',*,*,#982,.F.);
#982 = EDGE_CURVE('',#294,#975,#983,.T.);
#983 = LINE('',#984,#985);
#984 = CARTESIAN_POINT('',(10.26,51.,18.23));
#985 = VECTOR('',#986,1.);
#986 = DIRECTION('',(0.,1.,-2.2E-16));
#987 = PLANE('',#988);
#988 = AXIS2_PLACEMENT_3D('',#989,#990,#991);
#989 = CARTESIAN_POINT('',(10.26,51.,31.23));
#990 = DIRECTION('',(-1.,0.,0.));
#991 = DIRECTION('',(-0.,-2.2E-16,-1.));
#992 = ADVANCED_FACE('',(#993),#1011,.F.);
#993 = FACE_BOUND('',#994,.F.);
#994 = EDGE_LOOP('',(#995,#996,#997,#1005));
#995 = ORIENTED_EDGE('',*,*,#317,.F.);
#996 = ORIENTED_EDGE('',*,*,#982,.T.);
#997 = ORIENTED_EDGE('',*,*,#998,.T.);
#998 = EDGE_CURVE('',#975,#999,#1001,.T.);
#999 = VERTEX_POINT('',#1000);
#1000 = CARTESIAN_POINT('',(16.26,54.,18.23));
#1001 = LINE('',#1002,#1003);
#1002 = CARTESIAN_POINT('',(22.63,54.,18.23));
#1003 = VECTOR('',#1004,1.);
#1004 = DIRECTION('',(1.,0.,0.));
#1005 = ORIENTED_EDGE('',*,*,#1006,.F.);
#1006 = EDGE_CURVE('',#310,#999,#1007,.T.);
#1007 = LINE('',#1008,#1009);
#1008 = CARTESIAN_POINT('',(16.26,51.,18.23));
#1009 = VECTOR('',#1010,1.);
#1010 = DIRECTION('',(0.,1.,-2.2E-16));
#1011 = PLANE('',#1012);
#1012 = AXIS2_PLACEMENT_3D('',#1013,#1014,#1015);
#1013 = CARTESIAN_POINT('',(10.26,51.,18.23));
#1014 = DIRECTION('',(0.,-2.2E-16,-1.));
#1015 = DIRECTION('',(1.,0.,0.));
#1016 = ADVANCED_FACE('',(#1017),#1035,.F.);
#1017 = FACE_BOUND('',#1018,.F.);
#1018 = EDGE_LOOP('',(#1019,#1020,#1021,#1029));
#1019 = ORIENTED_EDGE('',*,*,#309,.F.);
#1020 = ORIENTED_EDGE('',*,*,#1006,.T.);
#1021 = ORIENTED_EDGE('',*,*,#1022,.T.);
#1022 = EDGE_CURVE('',#999,#1023,#1025,.T.);
#1023 = VERTEX_POINT('',#1024);
#1024 = CARTESIAN_POINT('',(16.26,54.,31.23));
#1025 = LINE('',#1026,#1027);
#1026 = CARTESIAN_POINT('',(16.26,54.,9.115));
#1027 = VECTOR('',#1028,1.);
#1028 = DIRECTION('',(0.,0.,1.));
#1029 = ORIENTED_EDGE('',*,*,#1030,.F.);
#1030 = EDGE_CURVE('',#302,#1023,#1031,.T.);
#1031 = LINE('',#1032,#1033);
#1032 = CARTESIAN_POINT('',(16.26,51.,31.23));
#1033 = VECTOR('',#1034,1.);
#1034 = DIRECTION('',(0.,1.,-2.2E-16));
#1035 = PLANE('',#1036);
#1036 = AXIS2_PLACEMENT_3D('',#1037,#1038,#1039);
#1037 = CARTESIAN_POINT('',(16.26,51.,18.23));
#1038 = DIRECTION('',(1.,0.,0.));
#1039 = DIRECTION('',(0.,2.2E-16,1.));
#1040 = ADVANCED_FACE('',(#1041),#1052,.F.);
#1041 = FACE_BOUND('',#1042,.F.);
#1042 = EDGE_LOOP('',(#1043,#1044,#1045,#1051));
#1043 = ORIENTED_EDGE('',*,*,#301,.F.);
#1044 = ORIENTED_EDGE('',*,*,#1030,.T.);
#1045 = ORIENTED_EDGE('',*,*,#1046,.T.);
#1046 = EDGE_CURVE('',#1023,#967,#1047,.T.);
#1047 = LINE('',#1048,#1049);
#1048 = CARTESIAN_POINT('',(25.63,54.,31.23));
#1049 = VECTOR('',#1050,1.);
#1050 = DIRECTION('',(-1.,0.,0.));
#1051 = ORIENTED_EDGE('',*,*,#966,.F.);
#1052 = PLANE('',#1053);
#1053 = AXIS2_PLACEMENT_3D('',#1054,#1055,#1056);
#1054 = CARTESIAN_POINT('',(16.26,51.,31.23));
#1055 = DIRECTION('',(0.,2.2E-16,1.));
#1056 = DIRECTION('',(-1.,0.,0.));
#1057 = ADVANCED_FACE('',(#1058),#1077,.F.);
#1058 = FACE_BOUND('',#1059,.F.);
#1059 = EDGE_LOOP('',(#1060,#1061,#1069,#1076));
#1060 = ORIENTED_EDGE('',*,*,#423,.F.);
#1061 = ORIENTED_EDGE('',*,*,#1062,.T.);
#1062 = EDGE_CURVE('',#424,#1063,#1065,.T.);
#1063 = VERTEX_POINT('',#1064);
#1064 = CARTESIAN_POINT('',(-38.,-6.93,44.85));
#1065 = LINE('',#1066,#1067);
#1066 = CARTESIAN_POINT('',(-35.,-6.93,44.85));
#1067 = VECTOR('',#1068,1.);
#1068 = DIRECTION('',(-1.,-0.,-0.));
#1069 = ORIENTED_EDGE('',*,*,#1070,.T.);
#1070 = EDGE_CURVE('',#1063,#1063,#1071,.T.);
#1071 = CIRCLE('',#1072,1.75);
#1072 = AXIS2_PLACEMENT_3D('',#1073,#1074,#1075);
#1073 = CARTESIAN_POINT('',(-38.,-8.68,44.85));
#1074 = DIRECTION('',(1.,0.,0.));
#1075 = DIRECTION('',(0.,1.,0.));
#1076 = ORIENTED_EDGE('',*,*,#1062,.F.);
#1077 = CYLINDRICAL_SURFACE('',#1078,1.75);
#1078 = AXIS2_PLACEMENT_3D('',#1079,#1080,#1081);
#1079 = CARTESIAN_POINT('',(-35.,-8.68,44.85));
#1080 = DIRECTION('',(1.,0.,0.));
#1081 = DIRECTION('',(0.,1.,0.));
#1082 = ADVANCED_FACE('',(#1083),#1102,.F.);
#1083 = FACE_BOUND('',#1084,.F.);
#1084 = EDGE_LOOP('',(#1085,#1086,#1094,#1101));
#1085 = ORIENTED_EDGE('',*,*,#434,.F.);
#1086 = ORIENTED_EDGE('',*,*,#1087,.T.);
#1087 = EDGE_CURVE('',#435,#1088,#1090,.T.);
#1088 = VERTEX_POINT('',#1089);
#1089 = CARTESIAN_POINT('',(-38.,-30.57,44.85));
#1090 = LINE('',#1091,#1092);
#1091 = CARTESIAN_POINT('',(-35.,-30.57,44.85));
#1092 = VECTOR('',#1093,1.);
#1093 = DIRECTION('',(-1.,-0.,-0.));
#1094 = ORIENTED_EDGE('',*,*,#1095,.T.);
#1095 = EDGE_CURVE('',#1088,#1088,#1096,.T.);
#1096 = CIRCLE('',#1097,1.75);
#1097 = AXIS2_PLACEMENT_3D('',#1098,#1099,#1100);
#1098 = CARTESIAN_POINT('',(-38.,-32.32,44.85));
#1099 = DIRECTION('',(1.,0.,0.));
#1100 = DIRECTION('',(0.,1.,0.));
#1101 = ORIENTED_EDGE('',*,*,#1087,.F.);
#1102 = CYLINDRICAL_SURFACE('',#1103,1.75);
#1103 = AXIS2_PLACEMENT_3D('',#1104,#1105,#1106);
#1104 = CARTESIAN_POINT('',(-35.,-32.32,44.85));
#1105 = DIRECTION('',(1.,0.,0.));
#1106 = DIRECTION('',(0.,1.,0.));
#1107 = ADVANCED_FACE('',(#1108),#1127,.F.);
#1108 = FACE_BOUND('',#1109,.F.);
#1109 = EDGE_LOOP('',(#1110,#1111,#1119,#1126));
#1110 = ORIENTED_EDGE('',*,*,#445,.F.);
#1111 = ORIENTED_EDGE('',*,*,#1112,.T.);
#1112 = EDGE_CURVE('',#446,#1113,#1115,.T.);
#1113 = VERTEX_POINT('',#1114);
#1114 = CARTESIAN_POINT('',(-38.,30.98,24.09));
#1115 = LINE('',#1116,#1117);
#1116 = CARTESIAN_POINT('',(-35.,30.98,24.09));
#1117 = VECTOR('',#1118,1.);
#1118 = DIRECTION('',(-1.,-0.,-0.));
#1119 = ORIENTED_EDGE('',*,*,#1120,.T.);
#1120 = EDGE_CURVE('',#1113,#1113,#1121,.T.);
#1121 = CIRCLE('',#1122,2.7);
#1122 = AXIS2_PLACEMENT_3D('',#1123,#1124,#1125);
#1123 = CARTESIAN_POINT('',(-38.,28.28,24.09));
#1124 = DIRECTION('',(1.,0.,0.));
#1125 = DIRECTION('',(0.,1.,0.));
#1126 = ORIENTED_EDGE('',*,*,#1112,.F.);
#1127 = CYLINDRICAL_SURFACE('',#1128,2.7);
#1128 = AXIS2_PLACEMENT_3D('',#1129,#1130,#1131);
#1129 = CARTESIAN_POINT('',(-35.,28.28,24.09));
#1130 = DIRECTION('',(1.,0.,0.));
#1131 = DIRECTION('',(0.,1.,0.));
#1132 = ADVANCED_FACE('',(#1133),#1158,.F.);
#1133 = FACE_BOUND('',#1134,.F.);
#1134 = EDGE_LOOP('',(#1135,#1136,#1144,#1152));
#1135 = ORIENTED_EDGE('',*,*,#456,.F.);
#1136 = ORIENTED_EDGE('',*,*,#1137,.T.);
#1137 = EDGE_CURVE('',#457,#1138,#1140,.T.);
#1138 = VERTEX_POINT('',#1139);
#1139 = CARTESIAN_POINT('',(-38.,-33.37,42.35));
#1140 = LINE('',#1141,#1142);
#1141 = CARTESIAN_POINT('',(-35.,-33.37,42.35));
#1142 = VECTOR('',#1143,1.);
#1143 = DIRECTION('',(-1.,-0.,-0.));
#1144 = ORIENTED_EDGE('',*,*,#1145,.T.);
#1145 = EDGE_CURVE('',#1138,#1146,#1148,.T.);
#1146 = VERTEX_POINT('',#1147);
#1147 = CARTESIAN_POINT('',(-38.,-33.37,20.15));
#1148 = LINE('',#1149,#1150);
#1149 = CARTESIAN_POINT('',(-38.,-33.37,21.175));
#1150 = VECTOR('',#1151,1.);
#1151 = DIRECTION('',(0.,0.,-1.));
#1152 = ORIENTED_EDGE('',*,*,#1153,.F.);
#1153 = EDGE_CURVE('',#459,#1146,#1154,.T.);
#1154 = LINE('',#1155,#1156);
#1155 = CARTESIAN_POINT('',(-35.,-33.37,20.15));
#1156 = VECTOR('',#1157,1.);
#1157 = DIRECTION('',(-1.,-0.,-0.));
#1158 = PLANE('',#1159);
#1159 = AXIS2_PLACEMENT_3D('',#1160,#1161,#1162);
#1160 = CARTESIAN_POINT('',(-35.,-33.37,42.35));
#1161 = DIRECTION('',(0.,-1.,0.));
#1162 = DIRECTION('',(0.,0.,-1.));
#1163 = ADVANCED_FACE('',(#1164),#1182,.F.);
#1164 = FACE_BOUND('',#1165,.F.);
#1165 = EDGE_LOOP('',(#1166,#1167,#1175,#1181));
#1166 = ORIENTED_EDGE('',*,*,#466,.F.);
#1167 = ORIENTED_EDGE('',*,*,#1168,.T.);
#1168 = EDGE_CURVE('',#467,#1169,#1171,.T.);
#1169 = VERTEX_POINT('',#1170);
#1170 = CARTESIAN_POINT('',(-38.,-7.67,42.35));
#1171 = LINE('',#1172,#1173);
#1172 = CARTESIAN_POINT('',(-35.,-7.67,42.35));
#1173 = VECTOR('',#1174,1.);
#1174 = DIRECTION('',(-1.,-0.,-0.));
#1175 = ORIENTED_EDGE('',*,*,#1176,.T.);
#1176 = EDGE_CURVE('',#1169,#1138,#1177,.T.);
#1177 = LINE('',#1178,#1179);
#1178 = CARTESIAN_POINT('',(-38.,21.665,42.35));
#1179 = VECTOR('',#1180,1.);
#1180 = DIRECTION('',(0.,-1.,0.));
#1181 = ORIENTED_EDGE('',*,*,#1137,.F.);
#1182 = PLANE('',#1183);
#1183 = AXIS2_PLACEMENT_3D('',#1184,#1185,#1186);
#1184 = CARTESIAN_POINT('',(-35.,-7.67,42.35));
#1185 = DIRECTION('',(0.,0.,1.));
#1186 = DIRECTION('',(0.,-1.,0.));
#1187 = ADVANCED_FACE('',(#1188),#1206,.F.);
#1188 = FACE_BOUND('',#1189,.F.);
#1189 = EDGE_LOOP('',(#1190,#1191,#1192,#1200));
#1190 = ORIENTED_EDGE('',*,*,#482,.F.);
#1191 = ORIENTED_EDGE('',*,*,#1153,.T.);
#1192 = ORIENTED_EDGE('',*,*,#1193,.T.);
#1193 = EDGE_CURVE('',#1146,#1194,#1196,.T.);
#1194 = VERTEX_POINT('',#1195);
#1195 = CARTESIAN_POINT('',(-38.,-7.67,20.15));
#1196 = LINE('',#1197,#1198);
#1197 = CARTESIAN_POINT('',(-38.,8.815,20.15));
#1198 = VECTOR('',#1199,1.);
#1199 = DIRECTION('',(0.,1.,0.));
#1200 = ORIENTED_EDGE('',*,*,#1201,.F.);
#1201 = EDGE_CURVE('',#475,#1194,#1202,.T.);
#1202 = LINE('',#1203,#1204);
#1203 = CARTESIAN_POINT('',(-35.,-7.67,20.15));
#1204 = VECTOR('',#1205,1.);
#1205 = DIRECTION('',(-1.,-0.,-0.));
#1206 = PLANE('',#1207);
#1207 = AXIS2_PLACEMENT_3D('',#1208,#1209,#1210);
#1208 = CARTESIAN_POINT('',(-35.,-33.37,20.15));
#1209 = DIRECTION('',(0.,0.,-1.));
#1210 = DIRECTION('',(0.,1.,0.));
#1211 = ADVANCED_FACE('',(#1212),#1223,.F.);
#1212 = FACE_BOUND('',#1213,.F.);
#1213 = EDGE_LOOP('',(#1214,#1215,#1216,#1222));
#1214 = ORIENTED_EDGE('',*,*,#474,.F.);
#1215 = ORIENTED_EDGE('',*,*,#1201,.T.);
#1216 = ORIENTED_EDGE('',*,*,#1217,.T.);
#1217 = EDGE_CURVE('',#1194,#1169,#1218,.T.);
#1218 = LINE('',#1219,#1220);
#1219 = CARTESIAN_POINT('',(-38.,-7.67,10.075));
#1220 = VECTOR('',#1221,1.);
#1221 = DIRECTION('',(0.,0.,1.));
#1222 = ORIENTED_EDGE('',*,*,#1168,.F.);
#1223 = PLANE('',#1224);
#1224 = AXIS2_PLACEMENT_3D('',#1225,#1226,#1227);
#1225 = CARTESIAN_POINT('',(-35.,-7.67,20.15));
#1226 = DIRECTION('',(0.,1.,0.));
#1227 = DIRECTION('',(0.,0.,1.));
#1228 = ADVANCED_FACE('',(#1229),#1248,.F.);
#1229 = FACE_BOUND('',#1230,.F.);
#1230 = EDGE_LOOP('',(#1231,#1232,#1240,#1247));
#1231 = ORIENTED_EDGE('',*,*,#490,.F.);
#1232 = ORIENTED_EDGE('',*,*,#1233,.T.);
#1233 = EDGE_CURVE('',#491,#1234,#1236,.T.);
#1234 = VERTEX_POINT('',#1235);
#1235 = CARTESIAN_POINT('',(-38.,-6.93,17.65));
#1236 = LINE('',#1237,#1238);
#1237 = CARTESIAN_POINT('',(-35.,-6.93,17.65));
#1238 = VECTOR('',#1239,1.);
#1239 = DIRECTION('',(-1.,-0.,-0.));
#1240 = ORIENTED_EDGE('',*,*,#1241,.T.);
#1241 = EDGE_CURVE('',#1234,#1234,#1242,.T.);
#1242 = CIRCLE('',#1243,1.75);
#1243 = AXIS2_PLACEMENT_3D('',#1244,#1245,#1246);
#1244 = CARTESIAN_POINT('',(-38.,-8.68,17.65));
#1245 = DIRECTION('',(1.,0.,0.));
#1246 = DIRECTION('',(0.,1.,0.));
#1247 = ORIENTED_EDGE('',*,*,#1233,.F.);
#1248 = CYLINDRICAL_SURFACE('',#1249,1.75);
#1249 = AXIS2_PLACEMENT_3D('',#1250,#1251,#1252);
#1250 = CARTESIAN_POINT('',(-35.,-8.68,17.65));
#1251 = DIRECTION('',(1.,0.,0.));
#1252 = DIRECTION('',(0.,1.,0.));
#1253 = ADVANCED_FACE('',(#1254),#1273,.F.);
#1254 = FACE_BOUND('',#1255,.F.);
#1255 = EDGE_LOOP('',(#1256,#1257,#1265,#1272));
#1256 = ORIENTED_EDGE('',*,*,#501,.F.);
#1257 = ORIENTED_EDGE('',*,*,#1258,.T.);
#1258 = EDGE_CURVE('',#502,#1259,#1261,.T.);
#1259 = VERTEX_POINT('',#1260);
#1260 = CARTESIAN_POINT('',(-38.,-30.57,17.65));
#1261 = LINE('',#1262,#1263);
#1262 = CARTESIAN_POINT('',(-35.,-30.57,17.65));
#1263 = VECTOR('',#1264,1.);
#1264 = DIRECTION('',(-1.,-0.,-0.));
#1265 = ORIENTED_EDGE('',*,*,#1266,.T.);
#1266 = EDGE_CURVE('',#1259,#1259,#1267,.T.);
#1267 = CIRCLE('',#1268,1.75);
#1268 = AXIS2_PLACEMENT_3D('',#1269,#1270,#1271);
#1269 = CARTESIAN_POINT('',(-38.,-32.32,17.65));
#1270 = DIRECTION('',(1.,0.,0.));
#1271 = DIRECTION('',(0.,1.,0.));
#1272 = ORIENTED_EDGE('',*,*,#1258,.F.);
#1273 = CYLINDRICAL_SURFACE('',#1274,1.75);
#1274 = AXIS2_PLACEMENT_3D('',#1275,#1276,#1277);
#1275 = CARTESIAN_POINT('',(-35.,-32.32,17.65));
#1276 = DIRECTION('',(1.,0.,0.));
#1277 = DIRECTION('',(0.,1.,0.));
#1278 = ADVANCED_FACE('',(#1279),#1290,.T.);
#1279 = FACE_BOUND('',#1280,.F.);
#1280 = EDGE_LOOP('',(#1281,#1282,#1283,#1284));
#1281 = ORIENTED_EDGE('',*,*,#925,.F.);
#1282 = ORIENTED_EDGE('',*,*,#592,.T.);
#1283 = ORIENTED_EDGE('',*,*,#735,.F.);
#1284 = ORIENTED_EDGE('',*,*,#1285,.F.);
#1285 = EDGE_CURVE('',#918,#736,#1286,.T.);
#1286 = LINE('',#1287,#1288);
#1287 = CARTESIAN_POINT('',(35.,-41.,55.));
#1288 = VECTOR('',#1289,1.);
#1289 = DIRECTION('',(0.,0.,-1.));
#1290 = CYLINDRICAL_SURFACE('',#1291,12.421415896499);
#1291 = AXIS2_PLACEMENT_3D('',#1292,#1293,#1294);
#1292 = CARTESIAN_POINT('',(37.221203946497,-53.22120394649,55.));
#1293 = DIRECTION('',(0.,0.,1.));
#1294 = DIRECTION('',(1.,0.,0.));
#1295 = ADVANCED_FACE('',(#1296,#1366),#1369,.F.);
#1296 = FACE_BOUND('',#1297,.F.);
#1297 = EDGE_LOOP('',(#1298,#1308,#1317,#1325,#1334,#1342,#1351,#1359));
#1298 = ORIENTED_EDGE('',*,*,#1299,.T.);
#1299 = EDGE_CURVE('',#1300,#1302,#1304,.T.);
#1300 = VERTEX_POINT('',#1301);
#1301 = CARTESIAN_POINT('',(33.,51.,-3.));
#1302 = VERTEX_POINT('',#1303);
#1303 = CARTESIAN_POINT('',(-33.,51.,-3.));
#1304 = LINE('',#1305,#1306);
#1305 = CARTESIAN_POINT('',(33.,51.,-3.));
#1306 = VECTOR('',#1307,1.);
#1307 = DIRECTION('',(-1.,0.,0.));
#1308 = ORIENTED_EDGE('',*,*,#1309,.T.);
#1309 = EDGE_CURVE('',#1302,#1310,#1312,.T.);
#1310 = VERTEX_POINT('',#1311);
#1311 = CARTESIAN_POINT('',(-35.,49.,-3.));
#1312 = CIRCLE('',#1313,2.);
#1313 = AXIS2_PLACEMENT_3D('',#1314,#1315,#1316);
#1314 = CARTESIAN_POINT('',(-33.,49.,-3.));
#1315 = DIRECTION('',(0.,-0.,1.));
#1316 = DIRECTION('',(0.,1.,0.));
#1317 = ORIENTED_EDGE('',*,*,#1318,.T.);
#1318 = EDGE_CURVE('',#1310,#1319,#1321,.T.);
#1319 = VERTEX_POINT('',#1320);
#1320 = CARTESIAN_POINT('',(-35.,-49.,-3.));
#1321 = LINE('',#1322,#1323);
#1322 = CARTESIAN_POINT('',(-35.,49.,-3.));
#1323 = VECTOR('',#1324,1.);
#1324 = DIRECTION('',(0.,-1.,0.));
#1325 = ORIENTED_EDGE('',*,*,#1326,.T.);
#1326 = EDGE_CURVE('',#1319,#1327,#1329,.T.);
#1327 = VERTEX_POINT('',#1328);
#1328 = CARTESIAN_POINT('',(-33.,-51.,-3.));
#1329 = CIRCLE('',#1330,2.);
#1330 = AXIS2_PLACEMENT_3D('',#1331,#1332,#1333);
#1331 = CARTESIAN_POINT('',(-33.,-49.,-3.));
#1332 = DIRECTION('',(0.,0.,1.));
#1333 = DIRECTION('',(-1.,0.,0.));
#1334 = ORIENTED_EDGE('',*,*,#1335,.T.);
#1335 = EDGE_CURVE('',#1327,#1336,#1338,.T.);
#1336 = VERTEX_POINT('',#1337);
#1337 = CARTESIAN_POINT('',(33.,-51.,-3.));
#1338 = LINE('',#1339,#1340);
#1339 = CARTESIAN_POINT('',(-33.,-51.,-3.));
#1340 = VECTOR('',#1341,1.);
#1341 = DIRECTION('',(1.,0.,0.));
#1342 = ORIENTED_EDGE('',*,*,#1343,.T.);
#1343 = EDGE_CURVE('',#1336,#1344,#1346,.T.);
#1344 = VERTEX_POINT('',#1345);
#1345 = CARTESIAN_POINT('',(35.,-49.,-3.));
#1346 = CIRCLE('',#1347,2.);
#1347 = AXIS2_PLACEMENT_3D('',#1348,#1349,#1350);
#1348 = CARTESIAN_POINT('',(33.,-49.,-3.));
#1349 = DIRECTION('',(-0.,0.,1.));
#1350 = DIRECTION('',(0.,-1.,0.));
#1351 = ORIENTED_EDGE('',*,*,#1352,.T.);
#1352 = EDGE_CURVE('',#1344,#1353,#1355,.T.);
#1353 = VERTEX_POINT('',#1354);
#1354 = CARTESIAN_POINT('',(35.,49.,-3.));
#1355 = LINE('',#1356,#1357);
#1356 = CARTESIAN_POINT('',(35.,-49.,-3.));
#1357 = VECTOR('',#1358,1.);
#1358 = DIRECTION('',(0.,1.,0.));
#1359 = ORIENTED_EDGE('',*,*,#1360,.T.);
#1360 = EDGE_CURVE('',#1353,#1300,#1361,.T.);
#1361 = CIRCLE('',#1362,2.);
#1362 = AXIS2_PLACEMENT_3D('',#1363,#1364,#1365);
#1363 = CARTESIAN_POINT('',(33.,49.,-3.));
#1364 = DIRECTION('',(0.,0.,1.));
#1365 = DIRECTION('',(1.,0.,0.));
#1366 = FACE_BOUND('',#1367,.F.);
#1367 = EDGE_LOOP('',(#1368));
#1368 = ORIENTED_EDGE('',*,*,#655,.T.);
#1369 = PLANE('',#1370);
#1370 = AXIS2_PLACEMENT_3D('',#1371,#1372,#1373);
#1371 = CARTESIAN_POINT('',(0.,0.,-3.));
#1372 = DIRECTION('',(0.,0.,1.));
#1373 = DIRECTION('',(1.,0.,0.));
#1374 = ADVANCED_FACE('',(#1375,#1381,#1392,#1403,#1414,#1425,#1436,
    #1447,#1483),#1519,.T.);
#1375 = FACE_BOUND('',#1376,.T.);
#1376 = EDGE_LOOP('',(#1377,#1378,#1379,#1380));
#1377 = ORIENTED_EDGE('',*,*,#744,.F.);
#1378 = ORIENTED_EDGE('',*,*,#1285,.F.);
#1379 = ORIENTED_EDGE('',*,*,#917,.T.);
#1380 = ORIENTED_EDGE('',*,*,#779,.T.);
#1381 = FACE_BOUND('',#1382,.T.);
#1382 = EDGE_LOOP('',(#1383));
#1383 = ORIENTED_EDGE('',*,*,#1384,.T.);
#1384 = EDGE_CURVE('',#1385,#1385,#1387,.T.);
#1385 = VERTEX_POINT('',#1386);
#1386 = CARTESIAN_POINT('',(35.,-38.65,34.817143457833));
#1387 = CIRCLE('',#1388,1.1);
#1388 = AXIS2_PLACEMENT_3D('',#1389,#1390,#1391);
#1389 = CARTESIAN_POINT('',(35.,-39.75,34.817143457833));
#1390 = DIRECTION('',(1.,0.,0.));
#1391 = DIRECTION('',(-0.,1.,0.));
#1392 = FACE_BOUND('',#1393,.T.);
#1393 = EDGE_LOOP('',(#1394));
#1394 = ORIENTED_EDGE('',*,*,#1395,.T.);
#1395 = EDGE_CURVE('',#1396,#1396,#1398,.T.);
#1396 = VERTEX_POINT('',#1397);
#1397 = CARTESIAN_POINT('',(35.,-8.15,34.817143457833));
#1398 = CIRCLE('',#1399,1.1);
#1399 = AXIS2_PLACEMENT_3D('',#1400,#1401,#1402);
#1400 = CARTESIAN_POINT('',(35.,-9.25,34.817143457833));
#1401 = DIRECTION('',(1.,0.,0.));
#1402 = DIRECTION('',(-0.,1.,0.));
#1403 = FACE_BOUND('',#1404,.T.);
#1404 = EDGE_LOOP('',(#1405));
#1405 = ORIENTED_EDGE('',*,*,#1406,.T.);
#1406 = EDGE_CURVE('',#1407,#1407,#1409,.T.);
#1407 = VERTEX_POINT('',#1408);
#1408 = CARTESIAN_POINT('',(35.,15.15,41.61));
#1409 = CIRCLE('',#1410,1.1);
#1410 = AXIS2_PLACEMENT_3D('',#1411,#1412,#1413);
#1411 = CARTESIAN_POINT('',(35.,14.05,41.61));
#1412 = DIRECTION('',(1.,4.4E-16,-2.2E-16));
#1413 = DIRECTION('',(-4.4E-16,1.,2.2E-16));
#1414 = FACE_BOUND('',#1415,.T.);
#1415 = EDGE_LOOP('',(#1416));
#1416 = ORIENTED_EDGE('',*,*,#1417,.T.);
#1417 = EDGE_CURVE('',#1418,#1418,#1420,.T.);
#1418 = VERTEX_POINT('',#1419);
#1419 = CARTESIAN_POINT('',(35.,36.15,41.61));
#1420 = CIRCLE('',#1421,1.1);
#1421 = AXIS2_PLACEMENT_3D('',#1422,#1423,#1424);
#1422 = CARTESIAN_POINT('',(35.,35.05,41.61));
#1423 = DIRECTION('',(1.,4.4E-16,-2.2E-16));
#1424 = DIRECTION('',(-4.4E-16,1.,2.2E-16));
#1425 = FACE_BOUND('',#1426,.T.);
#1426 = EDGE_LOOP('',(#1427));
#1427 = ORIENTED_EDGE('',*,*,#1428,.T.);
#1428 = EDGE_CURVE('',#1429,#1429,#1431,.T.);
#1429 = VERTEX_POINT('',#1430);
#1430 = CARTESIAN_POINT('',(35.,15.15,29.11));
#1431 = CIRCLE('',#1432,1.1);
#1432 = AXIS2_PLACEMENT_3D('',#1433,#1434,#1435);
#1433 = CARTESIAN_POINT('',(35.,14.05,29.11));
#1434 = DIRECTION('',(1.,4.4E-16,-2.2E-16));
#1435 = DIRECTION('',(-4.4E-16,1.,2.2E-16));
#1436 = FACE_BOUND('',#1437,.T.);
#1437 = EDGE_LOOP('',(#1438));
#1438 = ORIENTED_EDGE('',*,*,#1439,.T.);
#1439 = EDGE_CURVE('',#1440,#1440,#1442,.T.);
#1440 = VERTEX_POINT('',#1441);
#1441 = CARTESIAN_POINT('',(35.,36.15,29.11));
#1442 = CIRCLE('',#1443,1.1);
#1443 = AXIS2_PLACEMENT_3D('',#1444,#1445,#1446);
#1444 = CARTESIAN_POINT('',(35.,35.05,29.11));
#1445 = DIRECTION('',(1.,4.4E-16,-2.2E-16));
#1446 = DIRECTION('',(-4.4E-16,1.,2.2E-16));
#1447 = FACE_BOUND('',#1448,.T.);
#1448 = EDGE_LOOP('',(#1449,#1459,#1468,#1476));
#1449 = ORIENTED_EDGE('',*,*,#1450,.T.);
#1450 = EDGE_CURVE('',#1451,#1453,#1455,.T.);
#1451 = VERTEX_POINT('',#1452);
#1452 = CARTESIAN_POINT('',(35.,-14.5,18.317143457833));
#1453 = VERTEX_POINT('',#1454);
#1454 = CARTESIAN_POINT('',(35.,-34.5,18.317143457833));
#1455 = LINE('',#1456,#1457);
#1456 = CARTESIAN_POINT('',(35.,-42.75,18.317143457833));
#1457 = VECTOR('',#1458,1.);
#1458 = DIRECTION('',(-0.,-1.,-0.));
#1459 = ORIENTED_EDGE('',*,*,#1460,.T.);
#1460 = EDGE_CURVE('',#1453,#1461,#1463,.T.);
#1461 = VERTEX_POINT('',#1462);
#1462 = CARTESIAN_POINT('',(35.,-34.5,13.317143457833));
#1463 = CIRCLE('',#1464,2.5);
#1464 = AXIS2_PLACEMENT_3D('',#1465,#1466,#1467);
#1465 = CARTESIAN_POINT('',(35.,-34.5,15.817143457833));
#1466 = DIRECTION('',(1.,0.,0.));
#1467 = DIRECTION('',(-0.,1.,0.));
#1468 = ORIENTED_EDGE('',*,*,#1469,.F.);
#1469 = EDGE_CURVE('',#1470,#1461,#1472,.T.);
#1470 = VERTEX_POINT('',#1471);
#1471 = CARTESIAN_POINT('',(35.,-14.5,13.317143457833));
#1472 = LINE('',#1473,#1474);
#1473 = CARTESIAN_POINT('',(35.,-42.75,13.317143457833));
#1474 = VECTOR('',#1475,1.);
#1475 = DIRECTION('',(-0.,-1.,-0.));
#1476 = ORIENTED_EDGE('',*,*,#1477,.T.);
#1477 = EDGE_CURVE('',#1470,#1451,#1478,.T.);
#1478 = CIRCLE('',#1479,2.5);
#1479 = AXIS2_PLACEMENT_3D('',#1480,#1481,#1482);
#1480 = CARTESIAN_POINT('',(35.,-14.5,15.817143457833));
#1481 = DIRECTION('',(1.,0.,0.));
#1482 = DIRECTION('',(-0.,1.,0.));
#1483 = FACE_BOUND('',#1484,.T.);
#1484 = EDGE_LOOP('',(#1485,#1495,#1504,#1512));
#1485 = ORIENTED_EDGE('',*,*,#1486,.T.);
#1486 = EDGE_CURVE('',#1487,#1489,#1491,.T.);
#1487 = VERTEX_POINT('',#1488);
#1488 = CARTESIAN_POINT('',(35.,34.5,11.51));
#1489 = VERTEX_POINT('',#1490);
#1490 = CARTESIAN_POINT('',(35.,14.5,11.51));
#1491 = LINE('',#1492,#1493);
#1492 = CARTESIAN_POINT('',(35.,-18.25,11.51));
#1493 = VECTOR('',#1494,1.);
#1494 = DIRECTION('',(-0.,-1.,-2.2E-16));
#1495 = ORIENTED_EDGE('',*,*,#1496,.T.);
#1496 = EDGE_CURVE('',#1489,#1497,#1499,.T.);
#1497 = VERTEX_POINT('',#1498);
#1498 = CARTESIAN_POINT('',(35.,14.5,6.51));
#1499 = CIRCLE('',#1500,2.5);
#1500 = AXIS2_PLACEMENT_3D('',#1501,#1502,#1503);
#1501 = CARTESIAN_POINT('',(35.,14.5,9.01));
#1502 = DIRECTION('',(1.,4.4E-16,-2.2E-16));
#1503 = DIRECTION('',(-4.4E-16,1.,2.2E-16));
#1504 = ORIENTED_EDGE('',*,*,#1505,.F.);
#1505 = EDGE_CURVE('',#1506,#1497,#1508,.T.);
#1506 = VERTEX_POINT('',#1507);
#1507 = CARTESIAN_POINT('',(35.,34.5,6.51));
#1508 = LINE('',#1509,#1510);
#1509 = CARTESIAN_POINT('',(35.,-18.25,6.51));
#1510 = VECTOR('',#1511,1.);
#1511 = DIRECTION('',(-0.,-1.,-2.2E-16));
#1512 = ORIENTED_EDGE('',*,*,#1513,.T.);
#1513 = EDGE_CURVE('',#1506,#1487,#1514,.T.);
#1514 = CIRCLE('',#1515,2.5);
#1515 = AXIS2_PLACEMENT_3D('',#1516,#1517,#1518);
#1516 = CARTESIAN_POINT('',(35.,34.5,9.01));
#1517 = DIRECTION('',(1.,4.4E-16,-2.2E-16));
#1518 = DIRECTION('',(-4.4E-16,1.,2.2E-16));
#1519 = PLANE('',#1520);
#1520 = AXIS2_PLACEMENT_3D('',#1521,#1522,#1523);
#1521 = CARTESIAN_POINT('',(35.,-51.,0.));
#1522 = DIRECTION('',(-1.,0.,0.));
#1523 = DIRECTION('',(0.,1.,0.));
#1524 = ADVANCED_FACE('',(#1525,#1550,#1561,#1572,#1583,#1594,#1605,
    #1616,#1652),#1688,.F.);
#1525 = FACE_BOUND('',#1526,.F.);
#1526 = EDGE_LOOP('',(#1527,#1535,#1536,#1544));
#1527 = ORIENTED_EDGE('',*,*,#1528,.T.);
#1528 = EDGE_CURVE('',#1529,#813,#1531,.T.);
#1529 = VERTEX_POINT('',#1530);
#1530 = CARTESIAN_POINT('',(38.,-49.,0.));
#1531 = LINE('',#1532,#1533);
#1532 = CARTESIAN_POINT('',(38.,-49.,-3.));
#1533 = VECTOR('',#1534,1.);
#1534 = DIRECTION('',(0.,0.,1.));
#1535 = ORIENTED_EDGE('',*,*,#810,.F.);
#1536 = ORIENTED_EDGE('',*,*,#1537,.F.);
#1537 = EDGE_CURVE('',#1538,#811,#1540,.T.);
#1538 = VERTEX_POINT('',#1539);
#1539 = CARTESIAN_POINT('',(38.,49.,-1.E-15));
#1540 = LINE('',#1541,#1542);
#1541 = CARTESIAN_POINT('',(38.,49.,-3.));
#1542 = VECTOR('',#1543,1.);
#1543 = DIRECTION('',(0.,0.,1.));
#1544 = ORIENTED_EDGE('',*,*,#1545,.F.);
#1545 = EDGE_CURVE('',#1529,#1538,#1546,.T.);
#1546 = LINE('',#1547,#1548);
#1547 = CARTESIAN_POINT('',(38.,-49.,-6.3E-16));
#1548 = VECTOR('',#1549,1.);
#1549 = DIRECTION('',(0.,1.,0.));
#1550 = FACE_BOUND('',#1551,.F.);
#1551 = EDGE_LOOP('',(#1552));
#1552 = ORIENTED_EDGE('',*,*,#1553,.T.);
#1553 = EDGE_CURVE('',#1554,#1554,#1556,.T.);
#1554 = VERTEX_POINT('',#1555);
#1555 = CARTESIAN_POINT('',(38.,-38.65,34.817143457833));
#1556 = CIRCLE('',#1557,1.1);
#1557 = AXIS2_PLACEMENT_3D('',#1558,#1559,#1560);
#1558 = CARTESIAN_POINT('',(38.,-39.75,34.817143457833));
#1559 = DIRECTION('',(1.,0.,0.));
#1560 = DIRECTION('',(0.,1.,0.));
#1561 = FACE_BOUND('',#1562,.F.);
#1562 = EDGE_LOOP('',(#1563));
#1563 = ORIENTED_EDGE('',*,*,#1564,.T.);
#1564 = EDGE_CURVE('',#1565,#1565,#1567,.T.);
#1565 = VERTEX_POINT('',#1566);
#1566 = CARTESIAN_POINT('',(38.,-8.15,34.817143457833));
#1567 = CIRCLE('',#1568,1.1);
#1568 = AXIS2_PLACEMENT_3D('',#1569,#1570,#1571);
#1569 = CARTESIAN_POINT('',(38.,-9.25,34.817143457833));
#1570 = DIRECTION('',(1.,0.,0.));
#1571 = DIRECTION('',(0.,1.,0.));
#1572 = FACE_BOUND('',#1573,.F.);
#1573 = EDGE_LOOP('',(#1574));
#1574 = ORIENTED_EDGE('',*,*,#1575,.T.);
#1575 = EDGE_CURVE('',#1576,#1576,#1578,.T.);
#1576 = VERTEX_POINT('',#1577);
#1577 = CARTESIAN_POINT('',(38.,15.15,41.61));
#1578 = CIRCLE('',#1579,1.1);
#1579 = AXIS2_PLACEMENT_3D('',#1580,#1581,#1582);
#1580 = CARTESIAN_POINT('',(38.,14.05,41.61));
#1581 = DIRECTION('',(1.,0.,0.));
#1582 = DIRECTION('',(0.,1.,0.));
#1583 = FACE_BOUND('',#1584,.F.);
#1584 = EDGE_LOOP('',(#1585));
#1585 = ORIENTED_EDGE('',*,*,#1586,.T.);
#1586 = EDGE_CURVE('',#1587,#1587,#1589,.T.);
#1587 = VERTEX_POINT('',#1588);
#1588 = CARTESIAN_POINT('',(38.,36.15,41.61));
#1589 = CIRCLE('',#1590,1.1);
#1590 = AXIS2_PLACEMENT_3D('',#1591,#1592,#1593);
#1591 = CARTESIAN_POINT('',(38.,35.05,41.61));
#1592 = DIRECTION('',(1.,0.,0.));
#1593 = DIRECTION('',(0.,1.,0.));
#1594 = FACE_BOUND('',#1595,.F.);
#1595 = EDGE_LOOP('',(#1596));
#1596 = ORIENTED_EDGE('',*,*,#1597,.T.);
#1597 = EDGE_CURVE('',#1598,#1598,#1600,.T.);
#1598 = VERTEX_POINT('',#1599);
#1599 = CARTESIAN_POINT('',(38.,15.15,29.11));
#1600 = CIRCLE('',#1601,1.1);
#1601 = AXIS2_PLACEMENT_3D('',#1602,#1603,#1604);
#1602 = CARTESIAN_POINT('',(38.,14.05,29.11));
#1603 = DIRECTION('',(1.,0.,0.));
#1604 = DIRECTION('',(0.,1.,0.));
#1605 = FACE_BOUND('',#1606,.F.);
#1606 = EDGE_LOOP('',(#1607));
#1607 = ORIENTED_EDGE('',*,*,#1608,.T.);
#1608 = EDGE_CURVE('',#1609,#1609,#1611,.T.);
#1609 = VERTEX_POINT('',#1610);
#1610 = CARTESIAN_POINT('',(38.,36.15,29.11));
#1611 = CIRCLE('',#1612,1.1);
#1612 = AXIS2_PLACEMENT_3D('',#1613,#1614,#1615);
#1613 = CARTESIAN_POINT('',(38.,35.05,29.11));
#1614 = DIRECTION('',(1.,0.,0.));
#1615 = DIRECTION('',(0.,1.,0.));
#1616 = FACE_BOUND('',#1617,.F.);
#1617 = EDGE_LOOP('',(#1618,#1628,#1637,#1645));
#1618 = ORIENTED_EDGE('',*,*,#1619,.F.);
#1619 = EDGE_CURVE('',#1620,#1622,#1624,.T.);
#1620 = VERTEX_POINT('',#1621);
#1621 = CARTESIAN_POINT('',(38.,-34.5,18.317143457833));
#1622 = VERTEX_POINT('',#1623);
#1623 = CARTESIAN_POINT('',(38.,-14.5,18.317143457833));
#1624 = LINE('',#1625,#1626);
#1625 = CARTESIAN_POINT('',(38.,-34.5,18.317143457833));
#1626 = VECTOR('',#1627,1.);
#1627 = DIRECTION('',(0.,1.,0.));
#1628 = ORIENTED_EDGE('',*,*,#1629,.T.);
#1629 = EDGE_CURVE('',#1620,#1630,#1632,.T.);
#1630 = VERTEX_POINT('',#1631);
#1631 = CARTESIAN_POINT('',(38.,-34.5,13.317143457833));
#1632 = CIRCLE('',#1633,2.5);
#1633 = AXIS2_PLACEMENT_3D('',#1634,#1635,#1636);
#1634 = CARTESIAN_POINT('',(38.,-34.5,15.817143457833));
#1635 = DIRECTION('',(1.,0.,0.));
#1636 = DIRECTION('',(0.,1.,0.));
#1637 = ORIENTED_EDGE('',*,*,#1638,.T.);
#1638 = EDGE_CURVE('',#1630,#1639,#1641,.T.);
#1639 = VERTEX_POINT('',#1640);
#1640 = CARTESIAN_POINT('',(38.,-14.5,13.317143457833));
#1641 = LINE('',#1642,#1643);
#1642 = CARTESIAN_POINT('',(38.,-34.5,13.317143457833));
#1643 = VECTOR('',#1644,1.);
#1644 = DIRECTION('',(0.,1.,0.));
#1645 = ORIENTED_EDGE('',*,*,#1646,.T.);
#1646 = EDGE_CURVE('',#1639,#1622,#1647,.T.);
#1647 = CIRCLE('',#1648,2.5);
#1648 = AXIS2_PLACEMENT_3D('',#1649,#1650,#1651);
#1649 = CARTESIAN_POINT('',(38.,-14.5,15.817143457833));
#1650 = DIRECTION('',(1.,0.,0.));
#1651 = DIRECTION('',(0.,1.,0.));
#1652 = FACE_BOUND('',#1653,.F.);
#1653 = EDGE_LOOP('',(#1654,#1664,#1673,#1681));
#1654 = ORIENTED_EDGE('',*,*,#1655,.F.);
#1655 = EDGE_CURVE('',#1656,#1658,#1660,.T.);
#1656 = VERTEX_POINT('',#1657);
#1657 = CARTESIAN_POINT('',(38.,14.5,11.51));
#1658 = VERTEX_POINT('',#1659);
#1659 = CARTESIAN_POINT('',(38.,34.5,11.51));
#1660 = LINE('',#1661,#1662);
#1661 = CARTESIAN_POINT('',(38.,14.5,11.51));
#1662 = VECTOR('',#1663,1.);
#1663 = DIRECTION('',(0.,1.,0.));
#1664 = ORIENTED_EDGE('',*,*,#1665,.T.);
#1665 = EDGE_CURVE('',#1656,#1666,#1668,.T.);
#1666 = VERTEX_POINT('',#1667);
#1667 = CARTESIAN_POINT('',(38.,14.5,6.51));
#1668 = CIRCLE('',#1669,2.5);
#1669 = AXIS2_PLACEMENT_3D('',#1670,#1671,#1672);
#1670 = CARTESIAN_POINT('',(38.,14.5,9.01));
#1671 = DIRECTION('',(1.,0.,0.));
#1672 = DIRECTION('',(0.,1.,0.));
#1673 = ORIENTED_EDGE('',*,*,#1674,.T.);
#1674 = EDGE_CURVE('',#1666,#1675,#1677,.T.);
#1675 = VERTEX_POINT('',#1676);
#1676 = CARTESIAN_POINT('',(38.,34.5,6.51));
#1677 = LINE('',#1678,#1679);
#1678 = CARTESIAN_POINT('',(38.,14.5,6.51));
#1679 = VECTOR('',#1680,1.);
#1680 = DIRECTION('',(0.,1.,0.));
#1681 = ORIENTED_EDGE('',*,*,#1682,.T.);
#1682 = EDGE_CURVE('',#1675,#1658,#1683,.T.);
#1683 = CIRCLE('',#1684,2.5);
#1684 = AXIS2_PLACEMENT_3D('',#1685,#1686,#1687);
#1685 = CARTESIAN_POINT('',(38.,34.5,9.01));
#1686 = DIRECTION('',(1.,0.,0.));
#1687 = DIRECTION('',(0.,1.,0.));
#1688 = PLANE('',#1689);
#1689 = AXIS2_PLACEMENT_3D('',#1690,#1691,#1692);
#1690 = CARTESIAN_POINT('',(38.,-51.,0.));
#1691 = DIRECTION('',(-1.,0.,0.));
#1692 = DIRECTION('',(0.,1.,0.));
#1693 = ADVANCED_FACE('',(#1694),#1713,.T.);
#1694 = FACE_BOUND('',#1695,.T.);
#1695 = EDGE_LOOP('',(#1696,#1697,#1706,#1712));
#1696 = ORIENTED_EDGE('',*,*,#1537,.F.);
#1697 = ORIENTED_EDGE('',*,*,#1698,.T.);
#1698 = EDGE_CURVE('',#1538,#1699,#1701,.T.);
#1699 = VERTEX_POINT('',#1700);
#1700 = CARTESIAN_POINT('',(33.,54.,-1.E-15));
#1701 = CIRCLE('',#1702,5.);
#1702 = AXIS2_PLACEMENT_3D('',#1703,#1704,#1705);
#1703 = CARTESIAN_POINT('',(33.,49.,0.));
#1704 = DIRECTION('',(0.,0.,1.));
#1705 = DIRECTION('',(1.,0.,0.));
#1706 = ORIENTED_EDGE('',*,*,#1707,.T.);
#1707 = EDGE_CURVE('',#1699,#821,#1708,.T.);
#1708 = LINE('',#1709,#1710);
#1709 = CARTESIAN_POINT('',(33.,54.,-3.));
#1710 = VECTOR('',#1711,1.);
#1711 = DIRECTION('',(0.,0.,1.));
#1712 = ORIENTED_EDGE('',*,*,#820,.F.);
#1713 = CYLINDRICAL_SURFACE('',#1714,5.);
#1714 = AXIS2_PLACEMENT_3D('',#1715,#1716,#1717);
#1715 = CARTESIAN_POINT('',(33.,49.,-3.));
#1716 = DIRECTION('',(0.,0.,1.));
#1717 = DIRECTION('',(1.,0.,0.));
#1718 = ADVANCED_FACE('',(#1719),#1738,.T.);
#1719 = FACE_BOUND('',#1720,.F.);
#1720 = EDGE_LOOP('',(#1721,#1722,#1731,#1737));
#1721 = ORIENTED_EDGE('',*,*,#1528,.F.);
#1722 = ORIENTED_EDGE('',*,*,#1723,.F.);
#1723 = EDGE_CURVE('',#1724,#1529,#1726,.T.);
#1724 = VERTEX_POINT('',#1725);
#1725 = CARTESIAN_POINT('',(33.,-54.,-1.E-15));
#1726 = CIRCLE('',#1727,5.);
#1727 = AXIS2_PLACEMENT_3D('',#1728,#1729,#1730);
#1728 = CARTESIAN_POINT('',(33.,-49.,0.));
#1729 = DIRECTION('',(-0.,0.,1.));
#1730 = DIRECTION('',(0.,-1.,0.));
#1731 = ORIENTED_EDGE('',*,*,#1732,.T.);
#1732 = EDGE_CURVE('',#1724,#864,#1733,.T.);
#1733 = LINE('',#1734,#1735);
#1734 = CARTESIAN_POINT('',(33.,-54.,-3.));
#1735 = VECTOR('',#1736,1.);
#1736 = DIRECTION('',(0.,0.,1.));
#1737 = ORIENTED_EDGE('',*,*,#871,.F.);
#1738 = CYLINDRICAL_SURFACE('',#1739,5.);
#1739 = AXIS2_PLACEMENT_3D('',#1740,#1741,#1742);
#1740 = CARTESIAN_POINT('',(33.,-49.,-3.));
#1741 = DIRECTION('',(0.,0.,1.));
#1742 = DIRECTION('',(1.,0.,0.));
#1743 = ADVANCED_FACE('',(#1744,#1762),#1768,.F.);
#1744 = FACE_BOUND('',#1745,.F.);
#1745 = EDGE_LOOP('',(#1746,#1747,#1748,#1756));
#1746 = ORIENTED_EDGE('',*,*,#1707,.T.);
#1747 = ORIENTED_EDGE('',*,*,#829,.F.);
#1748 = ORIENTED_EDGE('',*,*,#1749,.T.);
#1749 = EDGE_CURVE('',#830,#1750,#1752,.T.);
#1750 = VERTEX_POINT('',#1751);
#1751 = CARTESIAN_POINT('',(-33.,54.,-1.E-15));
#1752 = LINE('',#1753,#1754);
#1753 = CARTESIAN_POINT('',(-33.,54.,55.));
#1754 = VECTOR('',#1755,1.);
#1755 = DIRECTION('',(0.,0.,-1.));
#1756 = ORIENTED_EDGE('',*,*,#1757,.F.);
#1757 = EDGE_CURVE('',#1699,#1750,#1758,.T.);
#1758 = LINE('',#1759,#1760);
#1759 = CARTESIAN_POINT('',(33.,54.,-6.3E-16));
#1760 = VECTOR('',#1761,1.);
#1761 = DIRECTION('',(-1.,0.,0.));
#1762 = FACE_BOUND('',#1763,.F.);
#1763 = EDGE_LOOP('',(#1764,#1765,#1766,#1767));
#1764 = ORIENTED_EDGE('',*,*,#974,.F.);
#1765 = ORIENTED_EDGE('',*,*,#1046,.F.);
#1766 = ORIENTED_EDGE('',*,*,#1022,.F.);
#1767 = ORIENTED_EDGE('',*,*,#998,.F.);
#1768 = PLANE('',#1769);
#1769 = AXIS2_PLACEMENT_3D('',#1770,#1771,#1772);
#1770 = CARTESIAN_POINT('',(35.,54.,0.));
#1771 = DIRECTION('',(0.,-1.,0.));
#1772 = DIRECTION('',(-1.,0.,0.));
#1773 = ADVANCED_FACE('',(#1774),#1792,.F.);
#1774 = FACE_BOUND('',#1775,.F.);
#1775 = EDGE_LOOP('',(#1776,#1784,#1785,#1786));
#1776 = ORIENTED_EDGE('',*,*,#1777,.T.);
#1777 = EDGE_CURVE('',#1778,#855,#1780,.T.);
#1778 = VERTEX_POINT('',#1779);
#1779 = CARTESIAN_POINT('',(-33.,-54.,0.));
#1780 = LINE('',#1781,#1782);
#1781 = CARTESIAN_POINT('',(-33.,-54.,-3.));
#1782 = VECTOR('',#1783,1.);
#1783 = DIRECTION('',(0.,0.,1.));
#1784 = ORIENTED_EDGE('',*,*,#863,.F.);
#1785 = ORIENTED_EDGE('',*,*,#1732,.F.);
#1786 = ORIENTED_EDGE('',*,*,#1787,.F.);
#1787 = EDGE_CURVE('',#1778,#1724,#1788,.T.);
#1788 = LINE('',#1789,#1790);
#1789 = CARTESIAN_POINT('',(-33.,-54.,-6.3E-16));
#1790 = VECTOR('',#1791,1.);
#1791 = DIRECTION('',(1.,0.,0.));
#1792 = PLANE('',#1793);
#1793 = AXIS2_PLACEMENT_3D('',#1794,#1795,#1796);
#1794 = CARTESIAN_POINT('',(-35.,-54.,0.));
#1795 = DIRECTION('',(0.,1.,0.));
#1796 = DIRECTION('',(1.,0.,0.));
#1797 = ADVANCED_FACE('',(#1798),#1817,.T.);
#1798 = FACE_BOUND('',#1799,.F.);
#1799 = EDGE_LOOP('',(#1800,#1801,#1802,#1810));
#1800 = ORIENTED_EDGE('',*,*,#1749,.F.);
#1801 = ORIENTED_EDGE('',*,*,#837,.T.);
#1802 = ORIENTED_EDGE('',*,*,#1803,.T.);
#1803 = EDGE_CURVE('',#838,#1804,#1806,.T.);
#1804 = VERTEX_POINT('',#1805);
#1805 = CARTESIAN_POINT('',(-38.,49.,0.));
#1806 = LINE('',#1807,#1808);
#1807 = CARTESIAN_POINT('',(-38.,49.,55.));
#1808 = VECTOR('',#1809,1.);
#1809 = DIRECTION('',(0.,0.,-1.));
#1810 = ORIENTED_EDGE('',*,*,#1811,.F.);
#1811 = EDGE_CURVE('',#1750,#1804,#1812,.T.);
#1812 = CIRCLE('',#1813,5.);
#1813 = AXIS2_PLACEMENT_3D('',#1814,#1815,#1816);
#1814 = CARTESIAN_POINT('',(-33.,49.,0.));
#1815 = DIRECTION('',(0.,-0.,1.));
#1816 = DIRECTION('',(0.,1.,0.));
#1817 = CYLINDRICAL_SURFACE('',#1818,5.);
#1818 = AXIS2_PLACEMENT_3D('',#1819,#1820,#1821);
#1819 = CARTESIAN_POINT('',(-33.,49.,55.));
#1820 = DIRECTION('',(0.,0.,-1.));
#1821 = DIRECTION('',(0.,1.,0.));
#1822 = ADVANCED_FACE('',(#1823),#1842,.T.);
#1823 = FACE_BOUND('',#1824,.F.);
#1824 = EDGE_LOOP('',(#1825,#1826,#1835,#1841));
#1825 = ORIENTED_EDGE('',*,*,#1777,.F.);
#1826 = ORIENTED_EDGE('',*,*,#1827,.F.);
#1827 = EDGE_CURVE('',#1828,#1778,#1830,.T.);
#1828 = VERTEX_POINT('',#1829);
#1829 = CARTESIAN_POINT('',(-38.,-49.,-1.E-15));
#1830 = CIRCLE('',#1831,5.);
#1831 = AXIS2_PLACEMENT_3D('',#1832,#1833,#1834);
#1832 = CARTESIAN_POINT('',(-33.,-49.,0.));
#1833 = DIRECTION('',(0.,0.,1.));
#1834 = DIRECTION('',(-1.,0.,0.));
#1835 = ORIENTED_EDGE('',*,*,#1836,.T.);
#1836 = EDGE_CURVE('',#1828,#847,#1837,.T.);
#1837 = LINE('',#1838,#1839);
#1838 = CARTESIAN_POINT('',(-38.,-49.,-3.));
#1839 = VECTOR('',#1840,1.);
#1840 = DIRECTION('',(0.,0.,1.));
#1841 = ORIENTED_EDGE('',*,*,#854,.F.);
#1842 = CYLINDRICAL_SURFACE('',#1843,5.);
#1843 = AXIS2_PLACEMENT_3D('',#1844,#1845,#1846);
#1844 = CARTESIAN_POINT('',(-33.,-49.,-3.));
#1845 = DIRECTION('',(0.,0.,1.));
#1846 = DIRECTION('',(0.,-1.,0.));
#1847 = ADVANCED_FACE('',(#1848,#1859,#1862,#1865,#1868,#1874,#1877),
  #1880,.F.);
#1848 = FACE_BOUND('',#1849,.F.);
#1849 = EDGE_LOOP('',(#1850,#1851,#1857,#1858));
#1850 = ORIENTED_EDGE('',*,*,#1836,.F.);
#1851 = ORIENTED_EDGE('',*,*,#1852,.F.);
#1852 = EDGE_CURVE('',#1804,#1828,#1853,.T.);
#1853 = LINE('',#1854,#1855);
#1854 = CARTESIAN_POINT('',(-38.,49.,-6.3E-16));
#1855 = VECTOR('',#1856,1.);
#1856 = DIRECTION('',(0.,-1.,0.));
#1857 = ORIENTED_EDGE('',*,*,#1803,.F.);
#1858 = ORIENTED_EDGE('',*,*,#846,.F.);
#1859 = FACE_BOUND('',#1860,.F.);
#1860 = EDGE_LOOP('',(#1861));
#1861 = ORIENTED_EDGE('',*,*,#1070,.F.);
#1862 = FACE_BOUND('',#1863,.F.);
#1863 = EDGE_LOOP('',(#1864));
#1864 = ORIENTED_EDGE('',*,*,#1095,.F.);
#1865 = FACE_BOUND('',#1866,.F.);
#1866 = EDGE_LOOP('',(#1867));
#1867 = ORIENTED_EDGE('',*,*,#1120,.F.);
#1868 = FACE_BOUND('',#1869,.F.);
#1869 = EDGE_LOOP('',(#1870,#1871,#1872,#1873));
#1870 = ORIENTED_EDGE('',*,*,#1145,.F.);
#1871 = ORIENTED_EDGE('',*,*,#1176,.F.);
#1872 = ORIENTED_EDGE('',*,*,#1217,.F.);
#1873 = ORIENTED_EDGE('',*,*,#1193,.F.);
#1874 = FACE_BOUND('',#1875,.F.);
#1875 = EDGE_LOOP('',(#1876));
#1876 = ORIENTED_EDGE('',*,*,#1241,.F.);
#1877 = FACE_BOUND('',#1878,.F.);
#1878 = EDGE_LOOP('',(#1879));
#1879 = ORIENTED_EDGE('',*,*,#1266,.F.);
#1880 = PLANE('',#1881);
#1881 = AXIS2_PLACEMENT_3D('',#1882,#1883,#1884);
#1882 = CARTESIAN_POINT('',(-38.,51.,0.));
#1883 = DIRECTION('',(1.,0.,0.));
#1884 = DIRECTION('',(0.,-1.,0.));
#1885 = ADVANCED_FACE('',(#1886),#1905,.F.);
#1886 = FACE_BOUND('',#1887,.T.);
#1887 = EDGE_LOOP('',(#1888,#1896,#1897,#1898));
#1888 = ORIENTED_EDGE('',*,*,#1889,.F.);
#1889 = EDGE_CURVE('',#881,#1890,#1892,.T.);
#1890 = VERTEX_POINT('',#1891);
#1891 = CARTESIAN_POINT('',(-29.9,-48.22120394649,30.));
#1892 = LINE('',#1893,#1894);
#1893 = CARTESIAN_POINT('',(-29.9,-48.22120394649,55.));
#1894 = VECTOR('',#1895,1.);
#1895 = DIRECTION('',(-5.E-17,0.,-1.));
#1896 = ORIENTED_EDGE('',*,*,#880,.T.);
#1897 = ORIENTED_EDGE('',*,*,#1889,.T.);
#1898 = ORIENTED_EDGE('',*,*,#1899,.F.);
#1899 = EDGE_CURVE('',#1890,#1890,#1900,.T.);
#1900 = CIRCLE('',#1901,2.1);
#1901 = AXIS2_PLACEMENT_3D('',#1902,#1903,#1904);
#1902 = CARTESIAN_POINT('',(-32.,-48.22120394649,30.));
#1903 = DIRECTION('',(0.,0.,1.));
#1904 = DIRECTION('',(1.,0.,0.));
#1905 = CYLINDRICAL_SURFACE('',#1906,2.1);
#1906 = AXIS2_PLACEMENT_3D('',#1907,#1908,#1909);
#1907 = CARTESIAN_POINT('',(-32.,-48.22120394649,55.));
#1908 = DIRECTION('',(-0.,-0.,-1.));
#1909 = DIRECTION('',(1.,0.,0.));
#1910 = ADVANCED_FACE('',(#1911),#1930,.F.);
#1911 = FACE_BOUND('',#1912,.T.);
#1912 = EDGE_LOOP('',(#1913,#1921,#1922,#1923));
#1913 = ORIENTED_EDGE('',*,*,#1914,.F.);
#1914 = EDGE_CURVE('',#892,#1915,#1917,.T.);
#1915 = VERTEX_POINT('',#1916);
#1916 = CARTESIAN_POINT('',(34.321203946497,-48.22120394649,30.));
#1917 = LINE('',#1918,#1919);
#1918 = CARTESIAN_POINT('',(34.321203946497,-48.22120394649,55.));
#1919 = VECTOR('',#1920,1.);
#1920 = DIRECTION('',(-5.E-17,0.,-1.));
#1921 = ORIENTED_EDGE('',*,*,#891,.T.);
#1922 = ORIENTED_EDGE('',*,*,#1914,.T.);
#1923 = ORIENTED_EDGE('',*,*,#1924,.F.);
#1924 = EDGE_CURVE('',#1915,#1915,#1925,.T.);
#1925 = CIRCLE('',#1926,2.1);
#1926 = AXIS2_PLACEMENT_3D('',#1927,#1928,#1929);
#1927 = CARTESIAN_POINT('',(32.221203946497,-48.22120394649,30.));
#1928 = DIRECTION('',(0.,0.,1.));
#1929 = DIRECTION('',(1.,0.,0.));
#1930 = CYLINDRICAL_SURFACE('',#1931,2.1);
#1931 = AXIS2_PLACEMENT_3D('',#1932,#1933,#1934);
#1932 = CARTESIAN_POINT('',(32.221203946497,-48.22120394649,55.));
#1933 = DIRECTION('',(-0.,-0.,-1.));
#1934 = DIRECTION('',(1.,0.,0.));
#1935 = ADVANCED_FACE('',(#1936),#1955,.F.);
#1936 = FACE_BOUND('',#1937,.T.);
#1937 = EDGE_LOOP('',(#1938,#1946,#1947,#1948));
#1938 = ORIENTED_EDGE('',*,*,#1939,.F.);
#1939 = EDGE_CURVE('',#903,#1940,#1942,.T.);
#1940 = VERTEX_POINT('',#1941);
#1941 = CARTESIAN_POINT('',(-29.9,48.,30.));
#1942 = LINE('',#1943,#1944);
#1943 = CARTESIAN_POINT('',(-29.9,48.,55.));
#1944 = VECTOR('',#1945,1.);
#1945 = DIRECTION('',(-5.E-17,0.,-1.));
#1946 = ORIENTED_EDGE('',*,*,#902,.T.);
#1947 = ORIENTED_EDGE('',*,*,#1939,.T.);
#1948 = ORIENTED_EDGE('',*,*,#1949,.F.);
#1949 = EDGE_CURVE('',#1940,#1940,#1950,.T.);
#1950 = CIRCLE('',#1951,2.1);
#1951 = AXIS2_PLACEMENT_3D('',#1952,#1953,#1954);
#1952 = CARTESIAN_POINT('',(-32.,48.,30.));
#1953 = DIRECTION('',(0.,0.,1.));
#1954 = DIRECTION('',(1.,0.,0.));
#1955 = CYLINDRICAL_SURFACE('',#1956,2.1);
#1956 = AXIS2_PLACEMENT_3D('',#1957,#1958,#1959);
#1957 = CARTESIAN_POINT('',(-32.,48.,55.));
#1958 = DIRECTION('',(-0.,-0.,-1.));
#1959 = DIRECTION('',(1.,0.,0.));
#1960 = ADVANCED_FACE('',(#1961),#1980,.F.);
#1961 = FACE_BOUND('',#1962,.T.);
#1962 = EDGE_LOOP('',(#1963,#1971,#1972,#1973));
#1963 = ORIENTED_EDGE('',*,*,#1964,.F.);
#1964 = EDGE_CURVE('',#937,#1965,#1967,.T.);
#1965 = VERTEX_POINT('',#1966);
#1966 = CARTESIAN_POINT('',(34.321203946497,48.,30.));
#1967 = LINE('',#1968,#1969);
#1968 = CARTESIAN_POINT('',(34.321203946497,48.,55.));
#1969 = VECTOR('',#1970,1.);
#1970 = DIRECTION('',(-5.E-17,0.,-1.));
#1971 = ORIENTED_EDGE('',*,*,#936,.T.);
#1972 = ORIENTED_EDGE('',*,*,#1964,.T.);
#1973 = ORIENTED_EDGE('',*,*,#1974,.F.);
#1974 = EDGE_CURVE('',#1965,#1965,#1975,.T.);
#1975 = CIRCLE('',#1976,2.1);
#1976 = AXIS2_PLACEMENT_3D('',#1977,#1978,#1979);
#1977 = CARTESIAN_POINT('',(32.221203946497,48.,30.));
#1978 = DIRECTION('',(0.,0.,1.));
#1979 = DIRECTION('',(1.,0.,0.));
#1980 = CYLINDRICAL_SURFACE('',#1981,2.1);
#1981 = AXIS2_PLACEMENT_3D('',#1982,#1983,#1984);
#1982 = CARTESIAN_POINT('',(32.221203946497,48.,55.));
#1983 = DIRECTION('',(-0.,-0.,-1.));
#1984 = DIRECTION('',(1.,0.,0.));
#1985 = ADVANCED_FACE('',(#1986),#2004,.T.);
#1986 = FACE_BOUND('',#1987,.F.);
#1987 = EDGE_LOOP('',(#1988,#1995,#1996,#2003));
#1988 = ORIENTED_EDGE('',*,*,#1989,.T.);
#1989 = EDGE_CURVE('',#1300,#1699,#1990,.T.);
#1990 = CIRCLE('',#1991,3.);
#1991 = AXIS2_PLACEMENT_3D('',#1992,#1993,#1994);
#1992 = CARTESIAN_POINT('',(33.,51.,-4.4E-16));
#1993 = DIRECTION('',(1.,-0.,0.));
#1994 = DIRECTION('',(0.,0.,-1.));
#1995 = ORIENTED_EDGE('',*,*,#1757,.T.);
#1996 = ORIENTED_EDGE('',*,*,#1997,.F.);
#1997 = EDGE_CURVE('',#1302,#1750,#1998,.T.);
#1998 = CIRCLE('',#1999,3.);
#1999 = AXIS2_PLACEMENT_3D('',#2000,#2001,#2002);
#2000 = CARTESIAN_POINT('',(-33.,51.,-4.4E-16));
#2001 = DIRECTION('',(1.,-0.,0.));
#2002 = DIRECTION('',(0.,0.,-1.));
#2003 = ORIENTED_EDGE('',*,*,#1299,.F.);
#2004 = CYLINDRICAL_SURFACE('',#2005,3.);
#2005 = AXIS2_PLACEMENT_3D('',#2006,#2007,#2008);
#2006 = CARTESIAN_POINT('',(33.,51.,-4.4E-16));
#2007 = DIRECTION('',(-1.,0.,0.));
#2008 = DIRECTION('',(0.,0.,-1.));
#2009 = ADVANCED_FACE('',(#2010),#2022,.T.);
#2010 = FACE_BOUND('',#2011,.T.);
#2011 = EDGE_LOOP('',(#2012,#2019,#2020,#2021));
#2012 = ORIENTED_EDGE('',*,*,#2013,.F.);
#2013 = EDGE_CURVE('',#1353,#1538,#2014,.T.);
#2014 = CIRCLE('',#2015,3.);
#2015 = AXIS2_PLACEMENT_3D('',#2016,#2017,#2018);
#2016 = CARTESIAN_POINT('',(35.,49.,-4.4E-16));
#2017 = DIRECTION('',(0.,-1.,0.));
#2018 = DIRECTION('',(0.,0.,-1.));
#2019 = ORIENTED_EDGE('',*,*,#1360,.T.);
#2020 = ORIENTED_EDGE('',*,*,#1989,.T.);
#2021 = ORIENTED_EDGE('',*,*,#1698,.F.);
#2022 = SURFACE_OF_REVOLUTION('',#2023,#2036);
#2023 = B_SPLINE_CURVE_WITH_KNOTS('',6,(#2024,#2025,#2026,#2027,#2028,
    #2029,#2030,#2031,#2032,#2033,#2034,#2035),.UNSPECIFIED.,.F.,.F.,(7,
    5,7),(4.712388980385,5.497787143782,6.28318530718),.UNSPECIFIED.);
#2024 = CARTESIAN_POINT('',(35.,49.,-3.));
#2025 = CARTESIAN_POINT('',(35.392699081699,49.,-3.));
#2026 = CARTESIAN_POINT('',(35.785397507482,49.,-2.938315214456));
#2027 = CARTESIAN_POINT('',(36.165987997186,49.,-2.81494403637));
#2028 = CARTESIAN_POINT('',(36.522342709938,49.,-2.633062516873));
#2029 = CARTESIAN_POINT('',(36.843640159925,49.,-2.399000527195));
#2030 = CARTESIAN_POINT('',(37.399000527195,49.,-1.843640159925));
#2031 = CARTESIAN_POINT('',(37.633062516873,49.,-1.522342709937));
#2032 = CARTESIAN_POINT('',(37.81494403637,49.,-1.165987997186));
#2033 = CARTESIAN_POINT('',(37.938315214456,49.,-0.785397507482));
#2034 = CARTESIAN_POINT('',(38.,49.,-0.392699081699));
#2035 = CARTESIAN_POINT('',(38.,49.,-6.661338147751E-16));
#2036 = AXIS1_PLACEMENT('',#2037,#2038);
#2037 = CARTESIAN_POINT('',(33.,49.,0.));
#2038 = DIRECTION('',(0.,0.,1.));
#2039 = ADVANCED_FACE('',(#2040),#2052,.T.);
#2040 = FACE_BOUND('',#2041,.T.);
#2041 = EDGE_LOOP('',(#2042,#2043,#2044,#2051));
#2042 = ORIENTED_EDGE('',*,*,#1997,.F.);
#2043 = ORIENTED_EDGE('',*,*,#1309,.T.);
#2044 = ORIENTED_EDGE('',*,*,#2045,.T.);
#2045 = EDGE_CURVE('',#1310,#1804,#2046,.T.);
#2046 = CIRCLE('',#2047,3.);
#2047 = AXIS2_PLACEMENT_3D('',#2048,#2049,#2050);
#2048 = CARTESIAN_POINT('',(-35.,49.,0.));
#2049 = DIRECTION('',(6.E-17,1.,-0.));
#2050 = DIRECTION('',(-1.,6.E-17,0.));
#2051 = ORIENTED_EDGE('',*,*,#1811,.F.);
#2052 = SURFACE_OF_REVOLUTION('',#2053,#2066);
#2053 = B_SPLINE_CURVE_WITH_KNOTS('',6,(#2054,#2055,#2056,#2057,#2058,
    #2059,#2060,#2061,#2062,#2063,#2064,#2065),.UNSPECIFIED.,.F.,.F.,(7,
    5,7),(4.712388980385,5.497787143782,6.28318530718),.UNSPECIFIED.);
#2054 = CARTESIAN_POINT('',(-33.,51.,-3.));
#2055 = CARTESIAN_POINT('',(-33.,51.392699081699,-3.));
#2056 = CARTESIAN_POINT('',(-33.,51.785397507482,-2.938315214456));
#2057 = CARTESIAN_POINT('',(-33.,52.165987997186,-2.81494403637));
#2058 = CARTESIAN_POINT('',(-33.,52.522342709938,-2.633062516873));
#2059 = CARTESIAN_POINT('',(-33.,52.843640159925,-2.399000527195));
#2060 = CARTESIAN_POINT('',(-33.,53.399000527195,-1.843640159925));
#2061 = CARTESIAN_POINT('',(-33.,53.633062516873,-1.522342709937));
#2062 = CARTESIAN_POINT('',(-33.,53.81494403637,-1.165987997186));
#2063 = CARTESIAN_POINT('',(-33.,53.938315214456,-0.785397507482));
#2064 = CARTESIAN_POINT('',(-33.,54.,-0.392699081699));
#2065 = CARTESIAN_POINT('',(-33.,54.,-6.661338147751E-16));
#2066 = AXIS1_PLACEMENT('',#2067,#2068);
#2067 = CARTESIAN_POINT('',(-33.,49.,0.));
#2068 = DIRECTION('',(0.,0.,1.));
#2069 = ADVANCED_FACE('',(#2070),#2082,.T.);
#2070 = FACE_BOUND('',#2071,.F.);
#2071 = EDGE_LOOP('',(#2072,#2079,#2080,#2081));
#2072 = ORIENTED_EDGE('',*,*,#2073,.T.);
#2073 = EDGE_CURVE('',#1344,#1529,#2074,.T.);
#2074 = CIRCLE('',#2075,3.);
#2075 = AXIS2_PLACEMENT_3D('',#2076,#2077,#2078);
#2076 = CARTESIAN_POINT('',(35.,-49.,0.));
#2077 = DIRECTION('',(-6.E-17,-1.,0.));
#2078 = DIRECTION('',(1.,-6.E-17,0.));
#2079 = ORIENTED_EDGE('',*,*,#1545,.T.);
#2080 = ORIENTED_EDGE('',*,*,#2013,.F.);
#2081 = ORIENTED_EDGE('',*,*,#1352,.F.);
#2082 = CYLINDRICAL_SURFACE('',#2083,3.);
#2083 = AXIS2_PLACEMENT_3D('',#2084,#2085,#2086);
#2084 = CARTESIAN_POINT('',(35.,-49.,-4.4E-16));
#2085 = DIRECTION('',(0.,1.,0.));
#2086 = DIRECTION('',(0.,0.,-1.));
#2087 = ADVANCED_FACE('',(#2088),#2100,.T.);
#2088 = FACE_BOUND('',#2089,.F.);
#2089 = EDGE_LOOP('',(#2090,#2091,#2092,#2099));
#2090 = ORIENTED_EDGE('',*,*,#2045,.T.);
#2091 = ORIENTED_EDGE('',*,*,#1852,.T.);
#2092 = ORIENTED_EDGE('',*,*,#2093,.F.);
#2093 = EDGE_CURVE('',#1319,#1828,#2094,.T.);
#2094 = CIRCLE('',#2095,3.);
#2095 = AXIS2_PLACEMENT_3D('',#2096,#2097,#2098);
#2096 = CARTESIAN_POINT('',(-35.,-49.,-4.4E-16));
#2097 = DIRECTION('',(0.,1.,0.));
#2098 = DIRECTION('',(0.,0.,-1.));
#2099 = ORIENTED_EDGE('',*,*,#1318,.F.);
#2100 = CYLINDRICAL_SURFACE('',#2101,3.);
#2101 = AXIS2_PLACEMENT_3D('',#2102,#2103,#2104);
#2102 = CARTESIAN_POINT('',(-35.,49.,-4.4E-16));
#2103 = DIRECTION('',(0.,-1.,0.));
#2104 = DIRECTION('',(-0.,-0.,-1.));
#2105 = ADVANCED_FACE('',(#2106),#2118,.T.);
#2106 = FACE_BOUND('',#2107,.T.);
#2107 = EDGE_LOOP('',(#2108,#2115,#2116,#2117));
#2108 = ORIENTED_EDGE('',*,*,#2109,.F.);
#2109 = EDGE_CURVE('',#1336,#1724,#2110,.T.);
#2110 = CIRCLE('',#2111,3.);
#2111 = AXIS2_PLACEMENT_3D('',#2112,#2113,#2114);
#2112 = CARTESIAN_POINT('',(33.,-51.,-4.4E-16));
#2113 = DIRECTION('',(-1.,-0.,-0.));
#2114 = DIRECTION('',(0.,0.,-1.));
#2115 = ORIENTED_EDGE('',*,*,#1343,.T.);
#2116 = ORIENTED_EDGE('',*,*,#2073,.T.);
#2117 = ORIENTED_EDGE('',*,*,#1723,.F.);
#2118 = SURFACE_OF_REVOLUTION('',#2119,#2132);
#2119 = B_SPLINE_CURVE_WITH_KNOTS('',6,(#2120,#2121,#2122,#2123,#2124,
    #2125,#2126,#2127,#2128,#2129,#2130,#2131),.UNSPECIFIED.,.F.,.F.,(7,
    5,7),(4.712388980385,5.497787143782,6.28318530718),.UNSPECIFIED.);
#2120 = CARTESIAN_POINT('',(33.,-51.,-3.));
#2121 = CARTESIAN_POINT('',(33.,-51.39269908169,-3.));
#2122 = CARTESIAN_POINT('',(33.,-51.78539750748,-2.938315214456));
#2123 = CARTESIAN_POINT('',(33.,-52.16598799718,-2.81494403637));
#2124 = CARTESIAN_POINT('',(33.,-52.52234270993,-2.633062516873));
#2125 = CARTESIAN_POINT('',(33.,-52.84364015992,-2.399000527195));
#2126 = CARTESIAN_POINT('',(33.,-53.39900052719,-1.843640159925));
#2127 = CARTESIAN_POINT('',(33.,-53.63306251687,-1.522342709937));
#2128 = CARTESIAN_POINT('',(33.,-53.81494403637,-1.165987997186));
#2129 = CARTESIAN_POINT('',(33.,-53.93831521445,-0.785397507482));
#2130 = CARTESIAN_POINT('',(33.,-54.,-0.392699081699));
#2131 = CARTESIAN_POINT('',(33.,-54.,-6.661338147751E-16));
#2132 = AXIS1_PLACEMENT('',#2133,#2134);
#2133 = CARTESIAN_POINT('',(33.,-49.,0.));
#2134 = DIRECTION('',(0.,0.,1.));
#2135 = ADVANCED_FACE('',(#2136),#2148,.T.);
#2136 = FACE_BOUND('',#2137,.T.);
#2137 = EDGE_LOOP('',(#2138,#2139,#2140,#2147));
#2138 = ORIENTED_EDGE('',*,*,#2093,.F.);
#2139 = ORIENTED_EDGE('',*,*,#1326,.T.);
#2140 = ORIENTED_EDGE('',*,*,#2141,.T.);
#2141 = EDGE_CURVE('',#1327,#1778,#2142,.T.);
#2142 = CIRCLE('',#2143,3.);
#2143 = AXIS2_PLACEMENT_3D('',#2144,#2145,#2146);
#2144 = CARTESIAN_POINT('',(-33.,-51.,0.));
#2145 = DIRECTION('',(-1.,6.E-17,0.));
#2146 = DIRECTION('',(-6.E-17,-1.,0.));
#2147 = ORIENTED_EDGE('',*,*,#1827,.F.);
#2148 = SURFACE_OF_REVOLUTION('',#2149,#2162);
#2149 = B_SPLINE_CURVE_WITH_KNOTS('',6,(#2150,#2151,#2152,#2153,#2154,
    #2155,#2156,#2157,#2158,#2159,#2160,#2161),.UNSPECIFIED.,.F.,.F.,(7,
    5,7),(4.712388980385,5.497787143782,6.28318530718),.UNSPECIFIED.);
#2150 = CARTESIAN_POINT('',(-35.,-49.,-3.));
#2151 = CARTESIAN_POINT('',(-35.39269908169,-49.,-3.));
#2152 = CARTESIAN_POINT('',(-35.78539750748,-49.,-2.938315214456));
#2153 = CARTESIAN_POINT('',(-36.16598799718,-49.,-2.81494403637));
#2154 = CARTESIAN_POINT('',(-36.52234270993,-49.,-2.633062516873));
#2155 = CARTESIAN_POINT('',(-36.84364015992,-49.,-2.399000527195));
#2156 = CARTESIAN_POINT('',(-37.39900052719,-49.,-1.843640159925));
#2157 = CARTESIAN_POINT('',(-37.63306251687,-49.,-1.522342709937));
#2158 = CARTESIAN_POINT('',(-37.81494403637,-49.,-1.165987997186));
#2159 = CARTESIAN_POINT('',(-37.93831521445,-49.,-0.785397507482));
#2160 = CARTESIAN_POINT('',(-38.,-49.,-0.392699081699));
#2161 = CARTESIAN_POINT('',(-38.,-49.,-6.661338147751E-16));
#2162 = AXIS1_PLACEMENT('',#2163,#2164);
#2163 = CARTESIAN_POINT('',(-33.,-49.,0.));
#2164 = DIRECTION('',(0.,0.,1.));
#2165 = ADVANCED_FACE('',(#2166),#2172,.T.);
#2166 = FACE_BOUND('',#2167,.F.);
#2167 = EDGE_LOOP('',(#2168,#2169,#2170,#2171));
#2168 = ORIENTED_EDGE('',*,*,#2141,.T.);
#2169 = ORIENTED_EDGE('',*,*,#1787,.T.);
#2170 = ORIENTED_EDGE('',*,*,#2109,.F.);
#2171 = ORIENTED_EDGE('',*,*,#1335,.F.);
#2172 = CYLINDRICAL_SURFACE('',#2173,3.);
#2173 = AXIS2_PLACEMENT_3D('',#2174,#2175,#2176);
#2174 = CARTESIAN_POINT('',(-33.,-51.,-4.4E-16));
#2175 = DIRECTION('',(1.,0.,0.));
#2176 = DIRECTION('',(0.,0.,-1.));
#2177 = ADVANCED_FACE('',(#2178),#2189,.F.);
#2178 = FACE_BOUND('',#2179,.F.);
#2179 = EDGE_LOOP('',(#2180,#2181,#2187,#2188));
#2180 = ORIENTED_EDGE('',*,*,#1553,.F.);
#2181 = ORIENTED_EDGE('',*,*,#2182,.T.);
#2182 = EDGE_CURVE('',#1554,#1385,#2183,.T.);
#2183 = LINE('',#2184,#2185);
#2184 = CARTESIAN_POINT('',(38.,-38.65,34.817143457833));
#2185 = VECTOR('',#2186,1.);
#2186 = DIRECTION('',(-1.,-0.,-0.));
#2187 = ORIENTED_EDGE('',*,*,#1384,.T.);
#2188 = ORIENTED_EDGE('',*,*,#2182,.F.);
#2189 = CYLINDRICAL_SURFACE('',#2190,1.1);
#2190 = AXIS2_PLACEMENT_3D('',#2191,#2192,#2193);
#2191 = CARTESIAN_POINT('',(38.,-39.75,34.817143457833));
#2192 = DIRECTION('',(1.,0.,0.));
#2193 = DIRECTION('',(-0.,1.,0.));
#2194 = ADVANCED_FACE('',(#2195),#2206,.F.);
#2195 = FACE_BOUND('',#2196,.F.);
#2196 = EDGE_LOOP('',(#2197,#2198,#2204,#2205));
#2197 = ORIENTED_EDGE('',*,*,#1564,.F.);
#2198 = ORIENTED_EDGE('',*,*,#2199,.T.);
#2199 = EDGE_CURVE('',#1565,#1396,#2200,.T.);
#2200 = LINE('',#2201,#2202);
#2201 = CARTESIAN_POINT('',(38.,-8.15,34.817143457833));
#2202 = VECTOR('',#2203,1.);
#2203 = DIRECTION('',(-1.,-0.,-0.));
#2204 = ORIENTED_EDGE('',*,*,#1395,.T.);
#2205 = ORIENTED_EDGE('',*,*,#2199,.F.);
#2206 = CYLINDRICAL_SURFACE('',#2207,1.1);
#2207 = AXIS2_PLACEMENT_3D('',#2208,#2209,#2210);
#2208 = CARTESIAN_POINT('',(38.,-9.25,34.817143457833));
#2209 = DIRECTION('',(1.,0.,0.));
#2210 = DIRECTION('',(-0.,1.,0.));
#2211 = ADVANCED_FACE('',(#2212),#2223,.F.);
#2212 = FACE_BOUND('',#2213,.F.);
#2213 = EDGE_LOOP('',(#2214,#2215,#2221,#2222));
#2214 = ORIENTED_EDGE('',*,*,#1575,.F.);
#2215 = ORIENTED_EDGE('',*,*,#2216,.T.);
#2216 = EDGE_CURVE('',#1576,#1407,#2217,.T.);
#2217 = LINE('',#2218,#2219);
#2218 = CARTESIAN_POINT('',(38.,15.15,41.61));
#2219 = VECTOR('',#2220,1.);
#2220 = DIRECTION('',(-1.,-1.1E-16,1.1E-16));
#2221 = ORIENTED_EDGE('',*,*,#1406,.T.);
#2222 = ORIENTED_EDGE('',*,*,#2216,.F.);
#2223 = CYLINDRICAL_SURFACE('',#2224,1.1);
#2224 = AXIS2_PLACEMENT_3D('',#2225,#2226,#2227);
#2225 = CARTESIAN_POINT('',(38.,14.05,41.61));
#2226 = DIRECTION('',(1.,4.4E-16,-2.2E-16));
#2227 = DIRECTION('',(-4.4E-16,1.,2.2E-16));
#2228 = ADVANCED_FACE('',(#2229),#2240,.F.);
#2229 = FACE_BOUND('',#2230,.F.);
#2230 = EDGE_LOOP('',(#2231,#2232,#2238,#2239));
#2231 = ORIENTED_EDGE('',*,*,#1586,.F.);
#2232 = ORIENTED_EDGE('',*,*,#2233,.T.);
#2233 = EDGE_CURVE('',#1587,#1418,#2234,.T.);
#2234 = LINE('',#2235,#2236);
#2235 = CARTESIAN_POINT('',(38.,36.15,41.61));
#2236 = VECTOR('',#2237,1.);
#2237 = DIRECTION('',(-1.,-1.1E-16,1.1E-16));
#2238 = ORIENTED_EDGE('',*,*,#1417,.T.);
#2239 = ORIENTED_EDGE('',*,*,#2233,.F.);
#2240 = CYLINDRICAL_SURFACE('',#2241,1.1);
#2241 = AXIS2_PLACEMENT_3D('',#2242,#2243,#2244);
#2242 = CARTESIAN_POINT('',(38.,35.05,41.61));
#2243 = DIRECTION('',(1.,4.4E-16,-2.2E-16));
#2244 = DIRECTION('',(-4.4E-16,1.,2.2E-16));
#2245 = ADVANCED_FACE('',(#2246),#2257,.F.);
#2246 = FACE_BOUND('',#2247,.F.);
#2247 = EDGE_LOOP('',(#2248,#2249,#2255,#2256));
#2248 = ORIENTED_EDGE('',*,*,#1597,.F.);
#2249 = ORIENTED_EDGE('',*,*,#2250,.T.);
#2250 = EDGE_CURVE('',#1598,#1429,#2251,.T.);
#2251 = LINE('',#2252,#2253);
#2252 = CARTESIAN_POINT('',(38.,15.15,29.11));
#2253 = VECTOR('',#2254,1.);
#2254 = DIRECTION('',(-1.,-1.1E-16,1.1E-16));
#2255 = ORIENTED_EDGE('',*,*,#1428,.T.);
#2256 = ORIENTED_EDGE('',*,*,#2250,.F.);
#2257 = CYLINDRICAL_SURFACE('',#2258,1.1);
#2258 = AXIS2_PLACEMENT_3D('',#2259,#2260,#2261);
#2259 = CARTESIAN_POINT('',(38.,14.05,29.11));
#2260 = DIRECTION('',(1.,4.4E-16,-2.2E-16));
#2261 = DIRECTION('',(-4.4E-16,1.,2.2E-16));
#2262 = ADVANCED_FACE('',(#2263),#2274,.F.);
#2263 = FACE_BOUND('',#2264,.F.);
#2264 = EDGE_LOOP('',(#2265,#2266,#2272,#2273));
#2265 = ORIENTED_EDGE('',*,*,#1608,.F.);
#2266 = ORIENTED_EDGE('',*,*,#2267,.T.);
#2267 = EDGE_CURVE('',#1609,#1440,#2268,.T.);
#2268 = LINE('',#2269,#2270);
#2269 = CARTESIAN_POINT('',(38.,36.15,29.11));
#2270 = VECTOR('',#2271,1.);
#2271 = DIRECTION('',(-1.,-1.1E-16,1.1E-16));
#2272 = ORIENTED_EDGE('',*,*,#1439,.T.);
#2273 = ORIENTED_EDGE('',*,*,#2267,.F.);
#2274 = CYLINDRICAL_SURFACE('',#2275,1.1);
#2275 = AXIS2_PLACEMENT_3D('',#2276,#2277,#2278);
#2276 = CARTESIAN_POINT('',(38.,35.05,29.11));
#2277 = DIRECTION('',(1.,4.4E-16,-2.2E-16));
#2278 = DIRECTION('',(-4.4E-16,1.,2.2E-16));
#2279 = ADVANCED_FACE('',(#2280),#2296,.T.);
#2280 = FACE_BOUND('',#2281,.T.);
#2281 = EDGE_LOOP('',(#2282,#2283,#2289,#2290));
#2282 = ORIENTED_EDGE('',*,*,#1619,.F.);
#2283 = ORIENTED_EDGE('',*,*,#2284,.T.);
#2284 = EDGE_CURVE('',#1620,#1453,#2285,.T.);
#2285 = LINE('',#2286,#2287);
#2286 = CARTESIAN_POINT('',(38.,-34.5,18.317143457833));
#2287 = VECTOR('',#2288,1.);
#2288 = DIRECTION('',(-1.,-0.,-0.));
#2289 = ORIENTED_EDGE('',*,*,#1450,.F.);
#2290 = ORIENTED_EDGE('',*,*,#2291,.F.);
#2291 = EDGE_CURVE('',#1622,#1451,#2292,.T.);
#2292 = LINE('',#2293,#2294);
#2293 = CARTESIAN_POINT('',(38.,-14.5,18.317143457833));
#2294 = VECTOR('',#2295,1.);
#2295 = DIRECTION('',(-1.,-0.,-0.));
#2296 = PLANE('',#2297);
#2297 = AXIS2_PLACEMENT_3D('',#2298,#2299,#2300);
#2298 = CARTESIAN_POINT('',(38.,-34.5,18.317143457833));
#2299 = DIRECTION('',(0.,0.,-1.));
#2300 = DIRECTION('',(0.,1.,0.));
#2301 = ADVANCED_FACE('',(#2302),#2313,.F.);
#2302 = FACE_BOUND('',#2303,.F.);
#2303 = EDGE_LOOP('',(#2304,#2305,#2311,#2312));
#2304 = ORIENTED_EDGE('',*,*,#1646,.F.);
#2305 = ORIENTED_EDGE('',*,*,#2306,.T.);
#2306 = EDGE_CURVE('',#1639,#1470,#2307,.T.);
#2307 = LINE('',#2308,#2309);
#2308 = CARTESIAN_POINT('',(38.,-14.5,13.317143457833));
#2309 = VECTOR('',#2310,1.);
#2310 = DIRECTION('',(-1.,-0.,-0.));
#2311 = ORIENTED_EDGE('',*,*,#1477,.T.);
#2312 = ORIENTED_EDGE('',*,*,#2291,.F.);
#2313 = CYLINDRICAL_SURFACE('',#2314,2.5);
#2314 = AXIS2_PLACEMENT_3D('',#2315,#2316,#2317);
#2315 = CARTESIAN_POINT('',(38.,-14.5,15.817143457833));
#2316 = DIRECTION('',(1.,0.,0.));
#2317 = DIRECTION('',(-0.,1.,0.));
#2318 = ADVANCED_FACE('',(#2319),#2330,.F.);
#2319 = FACE_BOUND('',#2320,.F.);
#2320 = EDGE_LOOP('',(#2321,#2322,#2328,#2329));
#2321 = ORIENTED_EDGE('',*,*,#1638,.F.);
#2322 = ORIENTED_EDGE('',*,*,#2323,.T.);
#2323 = EDGE_CURVE('',#1630,#1461,#2324,.T.);
#2324 = LINE('',#2325,#2326);
#2325 = CARTESIAN_POINT('',(38.,-34.5,13.317143457833));
#2326 = VECTOR('',#2327,1.);
#2327 = DIRECTION('',(-1.,-0.,-0.));
#2328 = ORIENTED_EDGE('',*,*,#1469,.F.);
#2329 = ORIENTED_EDGE('',*,*,#2306,.F.);
#2330 = PLANE('',#2331);
#2331 = AXIS2_PLACEMENT_3D('',#2332,#2333,#2334);
#2332 = CARTESIAN_POINT('',(38.,-34.5,13.317143457833));
#2333 = DIRECTION('',(0.,0.,-1.));
#2334 = DIRECTION('',(0.,1.,0.));
#2335 = ADVANCED_FACE('',(#2336),#2342,.F.);
#2336 = FACE_BOUND('',#2337,.F.);
#2337 = EDGE_LOOP('',(#2338,#2339,#2340,#2341));
#2338 = ORIENTED_EDGE('',*,*,#1629,.F.);
#2339 = ORIENTED_EDGE('',*,*,#2284,.T.);
#2340 = ORIENTED_EDGE('',*,*,#1460,.T.);
#2341 = ORIENTED_EDGE('',*,*,#2323,.F.);
#2342 = CYLINDRICAL_SURFACE('',#2343,2.5);
#2343 = AXIS2_PLACEMENT_3D('',#2344,#2345,#2346);
#2344 = CARTESIAN_POINT('',(38.,-34.5,15.817143457833));
#2345 = DIRECTION('',(1.,0.,0.));
#2346 = DIRECTION('',(-0.,1.,0.));
#2347 = ADVANCED_FACE('',(#2348),#2364,.T.);
#2348 = FACE_BOUND('',#2349,.T.);
#2349 = EDGE_LOOP('',(#2350,#2351,#2357,#2358));
#2350 = ORIENTED_EDGE('',*,*,#1655,.F.);
#2351 = ORIENTED_EDGE('',*,*,#2352,.T.);
#2352 = EDGE_CURVE('',#1656,#1489,#2353,.T.);
#2353 = LINE('',#2354,#2355);
#2354 = CARTESIAN_POINT('',(38.,14.5,11.51));
#2355 = VECTOR('',#2356,1.);
#2356 = DIRECTION('',(-1.,-1.1E-16,1.1E-16));
#2357 = ORIENTED_EDGE('',*,*,#1486,.F.);
#2358 = ORIENTED_EDGE('',*,*,#2359,.F.);
#2359 = EDGE_CURVE('',#1658,#1487,#2360,.T.);
#2360 = LINE('',#2361,#2362);
#2361 = CARTESIAN_POINT('',(38.,34.5,11.51));
#2362 = VECTOR('',#2363,1.);
#2363 = DIRECTION('',(-1.,-1.1E-16,1.1E-16));
#2364 = PLANE('',#2365);
#2365 = AXIS2_PLACEMENT_3D('',#2366,#2367,#2368);
#2366 = CARTESIAN_POINT('',(38.,14.5,11.51));
#2367 = DIRECTION('',(-1.1E-16,2.2E-16,-1.));
#2368 = DIRECTION('',(-4.4E-16,1.,2.2E-16));
#2369 = ADVANCED_FACE('',(#2370),#2381,.F.);
#2370 = FACE_BOUND('',#2371,.F.);
#2371 = EDGE_LOOP('',(#2372,#2373,#2379,#2380));
#2372 = ORIENTED_EDGE('',*,*,#1682,.F.);
#2373 = ORIENTED_EDGE('',*,*,#2374,.T.);
#2374 = EDGE_CURVE('',#1675,#1506,#2375,.T.);
#2375 = LINE('',#2376,#2377);
#2376 = CARTESIAN_POINT('',(38.,34.5,6.51));
#2377 = VECTOR('',#2378,1.);
#2378 = DIRECTION('',(-1.,-1.1E-16,1.1E-16));
#2379 = ORIENTED_EDGE('',*,*,#1513,.T.);
#2380 = ORIENTED_EDGE('',*,*,#2359,.F.);
#2381 = CYLINDRICAL_SURFACE('',#2382,2.5);
#2382 = AXIS2_PLACEMENT_3D('',#2383,#2384,#2385);
#2383 = CARTESIAN_POINT('',(38.,34.5,9.01));
#2384 = DIRECTION('',(1.,4.4E-16,-2.2E-16));
#2385 = DIRECTION('',(-4.4E-16,1.,2.2E-16));
#2386 = ADVANCED_FACE('',(#2387),#2398,.F.);
#2387 = FACE_BOUND('',#2388,.F.);
#2388 = EDGE_LOOP('',(#2389,#2390,#2391,#2392));
#2389 = ORIENTED_EDGE('',*,*,#1665,.F.);
#2390 = ORIENTED_EDGE('',*,*,#2352,.T.);
#2391 = ORIENTED_EDGE('',*,*,#1496,.T.);
#2392 = ORIENTED_EDGE('',*,*,#2393,.F.);
#2393 = EDGE_CURVE('',#1666,#1497,#2394,.T.);
#2394 = LINE('',#2395,#2396);
#2395 = CARTESIAN_POINT('',(38.,14.5,6.51));
#2396 = VECTOR('',#2397,1.);
#2397 = DIRECTION('',(-1.,-1.1E-16,1.1E-16));
#2398 = CYLINDRICAL_SURFACE('',#2399,2.5);
#2399 = AXIS2_PLACEMENT_3D('',#2400,#2401,#2402);
#2400 = CARTESIAN_POINT('',(38.,14.5,9.01));
#2401 = DIRECTION('',(1.,4.4E-16,-2.2E-16));
#2402 = DIRECTION('',(-4.4E-16,1.,2.2E-16));
#2403 = ADVANCED_FACE('',(#2404),#2410,.F.);
#2404 = FACE_BOUND('',#2405,.F.);
#2405 = EDGE_LOOP('',(#2406,#2407,#2408,#2409));
#2406 = ORIENTED_EDGE('',*,*,#1674,.F.);
#2407 = ORIENTED_EDGE('',*,*,#2393,.T.);
#2408 = ORIENTED_EDGE('',*,*,#1505,.F.);
#2409 = ORIENTED_EDGE('',*,*,#2374,.F.);
#2410 = PLANE('',#2411);
#2411 = AXIS2_PLACEMENT_3D('',#2412,#2413,#2414);
#2412 = CARTESIAN_POINT('',(38.,14.5,6.51));
#2413 = DIRECTION('',(-1.1E-16,2.2E-16,-1.));
#2414 = DIRECTION('',(-4.4E-16,1.,2.2E-16));
#2415 = ADVANCED_FACE('',(#2416),#2428,.F.);
#2416 = FACE_BOUND('',#2417,.T.);
#2417 = EDGE_LOOP('',(#2418,#2419,#2427));
#2418 = ORIENTED_EDGE('',*,*,#1899,.T.);
#2419 = ORIENTED_EDGE('',*,*,#2420,.T.);
#2420 = EDGE_CURVE('',#1890,#2421,#2423,.T.);
#2421 = VERTEX_POINT('',#2422);
#2422 = CARTESIAN_POINT('',(-32.,-48.22120394649,28.738192700042));
#2423 = LINE('',#2424,#2425);
#2424 = CARTESIAN_POINT('',(-29.9,-48.22120394649,30.));
#2425 = VECTOR('',#2426,1.);
#2426 = DIRECTION('',(-0.857167300702,-0.,-0.51503807491));
#2427 = ORIENTED_EDGE('',*,*,#2420,.F.);
#2428 = CONICAL_SURFACE('',#2429,2.1,1.029744258677);
#2429 = AXIS2_PLACEMENT_3D('',#2430,#2431,#2432);
#2430 = CARTESIAN_POINT('',(-32.,-48.22120394649,30.));
#2431 = DIRECTION('',(0.,0.,1.));
#2432 = DIRECTION('',(1.,0.,0.));
#2433 = ADVANCED_FACE('',(#2434),#2446,.F.);
#2434 = FACE_BOUND('',#2435,.T.);
#2435 = EDGE_LOOP('',(#2436,#2437,#2445));
#2436 = ORIENTED_EDGE('',*,*,#1924,.T.);
#2437 = ORIENTED_EDGE('',*,*,#2438,.T.);
#2438 = EDGE_CURVE('',#1915,#2439,#2441,.T.);
#2439 = VERTEX_POINT('',#2440);
#2440 = CARTESIAN_POINT('',(32.221203946497,-48.22120394649,
    28.738192700042));
#2441 = LINE('',#2442,#2443);
#2442 = CARTESIAN_POINT('',(34.321203946497,-48.22120394649,30.));
#2443 = VECTOR('',#2444,1.);
#2444 = DIRECTION('',(-0.857167300702,-0.,-0.51503807491));
#2445 = ORIENTED_EDGE('',*,*,#2438,.F.);
#2446 = CONICAL_SURFACE('',#2447,2.1,1.029744258677);
#2447 = AXIS2_PLACEMENT_3D('',#2448,#2449,#2450);
#2448 = CARTESIAN_POINT('',(32.221203946497,-48.22120394649,30.));
#2449 = DIRECTION('',(0.,0.,1.));
#2450 = DIRECTION('',(1.,0.,0.));
#2451 = ADVANCED_FACE('',(#2452),#2464,.F.);
#2452 = FACE_BOUND('',#2453,.T.);
#2453 = EDGE_LOOP('',(#2454,#2455,#2463));
#2454 = ORIENTED_EDGE('',*,*,#1949,.T.);
#2455 = ORIENTED_EDGE('',*,*,#2456,.T.);
#2456 = EDGE_CURVE('',#1940,#2457,#2459,.T.);
#2457 = VERTEX_POINT('',#2458);
#2458 = CARTESIAN_POINT('',(-32.,48.,28.738192700042));
#2459 = LINE('',#2460,#2461);
#2460 = CARTESIAN_POINT('',(-29.9,48.,30.));
#2461 = VECTOR('',#2462,1.);
#2462 = DIRECTION('',(-0.857167300702,-0.,-0.51503807491));
#2463 = ORIENTED_EDGE('',*,*,#2456,.F.);
#2464 = CONICAL_SURFACE('',#2465,2.1,1.029744258677);
#2465 = AXIS2_PLACEMENT_3D('',#2466,#2467,#2468);
#2466 = CARTESIAN_POINT('',(-32.,48.,30.));
#2467 = DIRECTION('',(0.,0.,1.));
#2468 = DIRECTION('',(1.,0.,0.));
#2469 = ADVANCED_FACE('',(#2470),#2482,.F.);
#2470 = FACE_BOUND('',#2471,.T.);
#2471 = EDGE_LOOP('',(#2472,#2473,#2481));
#2472 = ORIENTED_EDGE('',*,*,#1974,.T.);
#2473 = ORIENTED_EDGE('',*,*,#2474,.T.);
#2474 = EDGE_CURVE('',#1965,#2475,#2477,.T.);
#2475 = VERTEX_POINT('',#2476);
#2476 = CARTESIAN_POINT('',(32.221203946497,48.,28.738192700042));
#2477 = LINE('',#2478,#2479);
#2478 = CARTESIAN_POINT('',(34.321203946497,48.,30.));
#2479 = VECTOR('',#2480,1.);
#2480 = DIRECTION('',(-0.857167300702,-0.,-0.51503807491));
#2481 = ORIENTED_EDGE('',*,*,#2474,.F.);
#2482 = CONICAL_SURFACE('',#2483,2.1,1.029744258677);
#2483 = AXIS2_PLACEMENT_3D('',#2484,#2485,#2486);
#2484 = CARTESIAN_POINT('',(32.221203946497,48.,30.));
#2485 = DIRECTION('',(0.,0.,1.));
#2486 = DIRECTION('',(1.,0.,0.));
#2487 = ( GEOMETRIC_REPRESENTATION_CONTEXT(3) 
GLOBAL_UNCERTAINTY_ASSIGNED_CONTEXT((#2491)) 
GLOBAL_UNIT_ASSIGNED_CONTEXT((#2488,#2489,#2490)) REPRESENTATION_CONTEXT
('Context #1','3D Context with UNIT and UNCERTAINTY') );
#2488 = ( LENGTH_UNIT() NAMED_UNIT(*) SI_UNIT(.MILLI.,.METRE.) );
#2489 = ( NAMED_UNIT(*) PLANE_ANGLE_UNIT() SI_UNIT($,.RADIAN.) );
#2490 = ( NAMED_UNIT(*) SI_UNIT($,.STERADIAN.) SOLID_ANGLE_UNIT() );
#2491 = UNCERTAINTY_MEASURE_WITH_UNIT(LENGTH_MEASURE(1.E-05),#2488,
  'distance_accuracy_value','confusion accuracy');
#2492 = PRODUCT_RELATED_PRODUCT_CATEGORY('part',$,(#7));
#2493 = MECHANICAL_DESIGN_GEOMETRIC_PRESENTATION_REPRESENTATION('',(
    #2494),#2487);
#2494 = STYLED_ITEM('color',(#2495),#15);
#2495 = PRESENTATION_STYLE_ASSIGNMENT((#2496,#2502));
#2496 = SURFACE_STYLE_USAGE(.BOTH.,#2497);
#2497 = SURFACE_SIDE_STYLE('',(#2498));
#2498 = SURFACE_STYLE_FILL_AREA(#2499);
#2499 = FILL_AREA_STYLE('',(#2500));
#2500 = FILL_AREA_STYLE_COLOUR('',#2501);
#2501 = COLOUR_RGB('',0.447058818107,0.474509808674,0.501960817233);
#2502 = CURVE_STYLE('',#2503,POSITIVE_LENGTH_MEASURE(0.1),#2504);
#2503 = DRAUGHTING_PRE_DEFINED_CURVE_FONT('continuous');
#2504 = COLOUR_RGB('',9.803921802644E-02,9.803921802644E-02,
  9.803921802644E-02);
ENDSEC;
END-ISO-10303-21;
